{
  "type": "FeatureCollection",
  "features": [
    {
      "type": "Feature",
      "geometry": {
        "type": "Point",
        "coordinates": [
          -122.4006,
          37.7888
        ]
      },
      "properties": {
        "id": "jetro-san-francisco",
        "name": "JETRO San Francisco",
        "nameJa": "日本貿易振興機構（ジェトロ）サンフランシスコ事務所",
        "website": "https://www.jetro.go.jp/jetro/overseas/us_sanfrancisco/",
        "address": "575 Market St, Suite 2400",
        "city": "San Francisco",
        "county": "San Francisco County",
        "entityType": "support",
        "japanConnection": "japan-headquartered",
        "scale": "not-applicable",
        "industries": [
          "trade-promotion",
          "investment-promotion",
          "startup-support"
        ],
        "sourceUrl": "https://www.jetro.go.jp/jetro/overseas/us_sanfrancisco/",
        "updatedAt": "2026-08-22",
        "checkedAt": "2026-08-22",
        "checkStatus": "unchecked"
      }
    },
    {
      "type": "Feature",
      "geometry": {
        "type": "Point",
        "coordinates": [
          -122.1588,
          37.4425
        ]
      },
      "properties": {
        "id": "japan-innovation-campus",
        "name": "Japan Innovation Campus",
        "nameJa": "ジャパン・イノベーション・キャンパス",
        "website": "https://jp-innovation-campus.org/",
        "address": "214 Homer Ave",
        "city": "Palo Alto",
        "county": "Santa Clara County",
        "entityType": "support",
        "japanConnection": "japan-headquartered",
        "scale": "not-applicable",
        "industries": [
          "startup-support",
          "open-innovation",
          "community"
        ],
        "sourceUrl": "https://jp-innovation-campus.org/about",
        "updatedAt": "2026-08-22",
        "checkedAt": "2026-08-22",
        "checkStatus": "unchecked"
      }
    },
    {
      "type": "Feature",
      "geometry": {
        "type": "Point",
        "coordinates": [
          -122.0286,
          37.3869
        ]
      },
      "properties": {
        "id": "plug-and-play-tech-center",
        "name": "Plug and Play Tech Center",
        "nameJa": "プラグアンドプレイ・テックセンター",
        "website": "https://www.plugandplaytechcenter.com/",
        "address": "440 N Wolfe Rd",
        "city": "Sunnyvale",
        "county": "Santa Clara County",
        "entityType": "vc-cvc",
        "japanConnection": "japan-focused",
        "scale": "large",
        "industries": [
          "venture-capital",
          "accelerator",
          "corporate-innovation"
        ],
        "sourceUrl": "https://www.plugandplaytechcenter.com/",
        "updatedAt": "2026-08-22",
        "checkedAt": "2026-08-22",
        "checkStatus": "unchecked"
      }
    },
    {
      "type": "Feature",
      "geometry": {
        "type": "Point",
        "coordinates": [
          -122.4075,
          37.7824
        ]
      },
      "properties": {
        "id": "500-global",
        "name": "500 Global",
        "nameJa": "500 グローバル",
        "website": "https://500.co/",
        "address": "814 Mission St, Floor 6",
        "city": "San Francisco",
        "county": "San Francisco County",
        "entityType": "vc-cvc",
        "japanConnection": "japan-focused",
        "scale": "large",
        "industries": [
          "venture-capital",
          "accelerator",
          "startup-education"
        ],
        "sourceUrl": "https://500.co/contact",
        "updatedAt": "2026-08-22",
        "checkedAt": "2026-08-22",
        "checkStatus": "unchecked"
      }
    },
    {
      "type": "Feature",
      "geometry": {
        "type": "Point",
        "coordinates": [
          -122.1697,
          37.4275
        ]
      },
      "properties": {
        "id": "stanford-university",
        "name": "Stanford University",
        "nameJa": "スタンフォード大学",
        "website": "https://www.stanford.edu/",
        "address": "450 Jane Stanford Way",
        "city": "Stanford",
        "county": "Santa Clara County",
        "entityType": "university-research",
        "japanConnection": "none",
        "scale": "not-applicable",
        "industries": [
          "education",
          "research"
        ],
        "sourceUrl": "https://www.stanford.edu/",
        "updatedAt": "2026-08-22",
        "checkedAt": "2026-08-22",
        "checkStatus": "unchecked"
      }
    },
    {
      "type": "Feature",
      "geometry": {
        "type": "Point",
        "coordinates": [
          -122.3005,
          37.5572
        ]
      },
      "properties": {
        "id": "sony",
        "name": "Sony",
        "nameJa": "ソニー",
        "website": "https://www.sony.com/",
        "address": "2207 Bridgepointe Pkwy",
        "city": "San Mateo",
        "county": "San Mateo County",
        "entityType": "company",
        "japanConnection": "japan-headquartered",
        "scale": "large",
        "industries": [
          "electronics",
          "entertainment"
        ],
        "sourceUrl": "https://www.sony.com/",
        "updatedAt": "2026-08-22",
        "checkedAt": "2026-08-22",
        "checkStatus": "unchecked"
      }
    },
    {
      "type": "Feature",
      "geometry": {
        "type": "Point",
        "coordinates": [
          -122.1156,
          37.3852
        ]
      },
      "properties": {
        "id": "toyota-research-institute",
        "name": "Toyota Research Institute",
        "nameJa": "トヨタ・リサーチ・インスティテュート",
        "website": "https://www.tri.global",
        "address": "Los Altos, CA (approx.)",
        "city": "Los Altos",
        "county": "Santa Clara County",
        "entityType": "company",
        "japanConnection": "japan-headquartered",
        "scale": "large",
        "industries": [
          "automotive",
          "robotics"
        ],
        "sourceUrl": "https://www.tri.global",
        "updatedAt": "2026-08-22",
        "checkedAt": "2026-08-22",
        "checkStatus": "unchecked"
      }
    },
    {
      "type": "Feature",
      "geometry": {
        "type": "Point",
        "coordinates": [
          -121.8863,
          37.3382
        ]
      },
      "properties": {
        "id": "honda-research-institute-usa",
        "name": "Honda Research Institute USA",
        "nameJa": "ホンダ・リサーチ・インスティテュート USA",
        "website": "https://usa.honda-ri.com",
        "address": "San Jose, CA (approx.)",
        "city": "San Jose",
        "county": "Santa Clara County",
        "entityType": "company",
        "japanConnection": "japan-headquartered",
        "scale": "large",
        "industries": [
          "automotive",
          "robotics"
        ],
        "sourceUrl": "https://usa.honda-ri.com",
        "updatedAt": "2026-08-22",
        "checkedAt": "2026-08-22",
        "checkStatus": "unchecked"
      }
    },
    {
      "type": "Feature",
      "geometry": {
        "type": "Point",
        "coordinates": [
          -122.0389,
          37.3688
        ]
      },
      "properties": {
        "id": "nissan-research-center-silicon-valley",
        "name": "Nissan Research Center Silicon Valley",
        "nameJa": "日産リサーチセンターシリコンバレー",
        "website": "https://www.nissan-global.com",
        "address": "Sunnyvale, CA (approx.)",
        "city": "Sunnyvale",
        "county": "Santa Clara County",
        "entityType": "company",
        "japanConnection": "japan-headquartered",
        "scale": "large",
        "industries": [
          "automotive",
          "software"
        ],
        "sourceUrl": "https://www.nissan-global.com",
        "updatedAt": "2026-08-22",
        "checkedAt": "2026-08-22",
        "checkStatus": "unchecked"
      }
    },
    {
      "type": "Feature",
      "geometry": {
        "type": "Point",
        "coordinates": [
          -121.9547,
          37.3541
        ]
      },
      "properties": {
        "id": "hitachi-america",
        "name": "Hitachi America",
        "nameJa": "日立アメリカ",
        "website": "https://www.hitachi.us",
        "address": "Santa Clara, CA (approx.)",
        "city": "Santa Clara",
        "county": "Santa Clara County",
        "entityType": "company",
        "japanConnection": "japan-headquartered",
        "scale": "large",
        "industries": [
          "electronics",
          "industrial"
        ],
        "sourceUrl": "https://www.hitachi.us",
        "updatedAt": "2026-08-22",
        "checkedAt": "2026-08-22",
        "checkStatus": "unchecked"
      }
    },
    {
      "type": "Feature",
      "geometry": {
        "type": "Point",
        "coordinates": [
          -122.0389,
          37.3688
        ]
      },
      "properties": {
        "id": "fujitsu-north-america",
        "name": "Fujitsu North America",
        "nameJa": "富士通ノースアメリカ",
        "website": "https://www.fujitsu.com/us",
        "address": "Sunnyvale, CA (approx.)",
        "city": "Sunnyvale",
        "county": "Santa Clara County",
        "entityType": "company",
        "japanConnection": "japan-headquartered",
        "scale": "large",
        "industries": [
          "electronics",
          "software"
        ],
        "sourceUrl": "https://www.fujitsu.com/us",
        "updatedAt": "2026-08-22",
        "checkedAt": "2026-08-22",
        "checkStatus": "unchecked"
      }
    },
    {
      "type": "Feature",
      "geometry": {
        "type": "Point",
        "coordinates": [
          -121.8863,
          37.3382
        ]
      },
      "properties": {
        "id": "nec-corporation-of-america",
        "name": "NEC Corporation of America",
        "nameJa": "日本電気（NEC）アメリカ",
        "website": "https://www.necam.com",
        "address": "San Jose, CA (approx.)",
        "city": "San Jose",
        "county": "Santa Clara County",
        "entityType": "company",
        "japanConnection": "japan-headquartered",
        "scale": "large",
        "industries": [
          "electronics",
          "software"
        ],
        "sourceUrl": "https://www.necam.com",
        "updatedAt": "2026-08-22",
        "checkedAt": "2026-08-22",
        "checkStatus": "unchecked"
      }
    },
    {
      "type": "Feature",
      "geometry": {
        "type": "Point",
        "coordinates": [
          -122.0389,
          37.3688
        ]
      },
      "properties": {
        "id": "ntt-research",
        "name": "NTT Research",
        "nameJa": "NTTリサーチ",
        "website": "https://ntt-research.com",
        "address": "Sunnyvale, CA (approx.)",
        "city": "Sunnyvale",
        "county": "Santa Clara County",
        "entityType": "company",
        "japanConnection": "japan-headquartered",
        "scale": "large",
        "industries": [
          "research",
          "technology"
        ],
        "sourceUrl": "https://ntt-research.com",
        "updatedAt": "2026-08-22",
        "checkedAt": "2026-08-22",
        "checkStatus": "unchecked"
      }
    },
    {
      "type": "Feature",
      "geometry": {
        "type": "Point",
        "coordinates": [
          -121.8863,
          37.3382
        ]
      },
      "properties": {
        "id": "renesas-electronics-america",
        "name": "Renesas Electronics America",
        "nameJa": "ルネサスエレクトロニクスアメリカ",
        "website": "https://www.renesas.com",
        "address": "San Jose, CA (approx.)",
        "city": "San Jose",
        "county": "Santa Clara County",
        "entityType": "company",
        "japanConnection": "japan-headquartered",
        "scale": "large",
        "industries": [
          "semiconductors",
          "electronics"
        ],
        "sourceUrl": "https://www.renesas.com",
        "updatedAt": "2026-08-22",
        "checkedAt": "2026-08-22",
        "checkStatus": "unchecked"
      }
    },
    {
      "type": "Feature",
      "geometry": {
        "type": "Point",
        "coordinates": [
          -121.8863,
          37.3382
        ]
      },
      "properties": {
        "id": "kioxia-america",
        "name": "Kioxia America",
        "nameJa": "キオクシアアメリカ",
        "website": "https://americas.kioxia.com",
        "address": "San Jose, CA (approx.)",
        "city": "San Jose",
        "county": "Santa Clara County",
        "entityType": "company",
        "japanConnection": "japan-headquartered",
        "scale": "large",
        "industries": [
          "semiconductors",
          "electronics"
        ],
        "sourceUrl": "https://americas.kioxia.com",
        "updatedAt": "2026-08-22",
        "checkedAt": "2026-08-22",
        "checkStatus": "unchecked"
      }
    },
    {
      "type": "Feature",
      "geometry": {
        "type": "Point",
        "coordinates": [
          -121.8863,
          37.3382
        ]
      },
      "properties": {
        "id": "advantest-america",
        "name": "Advantest America",
        "nameJa": "アドバンテストアメリカ",
        "website": "https://www.advantest.com",
        "address": "San Jose, CA (approx.)",
        "city": "San Jose",
        "county": "Santa Clara County",
        "entityType": "company",
        "japanConnection": "japan-headquartered",
        "scale": "large",
        "industries": [
          "semiconductors",
          "manufacturing"
        ],
        "sourceUrl": "https://www.advantest.com",
        "updatedAt": "2026-08-22",
        "checkedAt": "2026-08-22",
        "checkStatus": "unchecked"
      }
    },
    {
      "type": "Feature",
      "geometry": {
        "type": "Point",
        "coordinates": [
          -121.9547,
          37.3541
        ]
      },
      "properties": {
        "id": "rohm-semiconductor-usa",
        "name": "ROHM Semiconductor USA",
        "nameJa": "ロームセミコンダクターUSA",
        "website": "https://www.rohm.com",
        "address": "Santa Clara, CA (approx.)",
        "city": "Santa Clara",
        "county": "Santa Clara County",
        "entityType": "company",
        "japanConnection": "japan-headquartered",
        "scale": "large",
        "industries": [
          "semiconductors",
          "electronics"
        ],
        "sourceUrl": "https://www.rohm.com",
        "updatedAt": "2026-08-22",
        "checkedAt": "2026-08-22",
        "checkStatus": "unchecked"
      }
    },
    {
      "type": "Feature",
      "geometry": {
        "type": "Point",
        "coordinates": [
          -121.9066,
          37.4323
        ]
      },
      "properties": {
        "id": "socionext-america",
        "name": "Socionext America",
        "nameJa": "ソシオネクストアメリカ",
        "website": "https://www.socionext.com",
        "address": "Milpitas, CA (approx.)",
        "city": "Milpitas",
        "county": "Santa Clara County",
        "entityType": "company",
        "japanConnection": "japan-headquartered",
        "scale": "large",
        "industries": [
          "semiconductors",
          "electronics"
        ],
        "sourceUrl": "https://www.socionext.com",
        "updatedAt": "2026-08-22",
        "checkedAt": "2026-08-22",
        "checkStatus": "unchecked"
      }
    },
    {
      "type": "Feature",
      "geometry": {
        "type": "Point",
        "coordinates": [
          -121.8863,
          37.3382
        ]
      },
      "properties": {
        "id": "tdk-usa",
        "name": "TDK USA",
        "nameJa": "TDK USA",
        "website": "https://www.tdk.com",
        "address": "San Jose, CA (approx.)",
        "city": "San Jose",
        "county": "Santa Clara County",
        "entityType": "company",
        "japanConnection": "japan-headquartered",
        "scale": "large",
        "industries": [
          "electronics",
          "manufacturing"
        ],
        "sourceUrl": "https://www.tdk.com",
        "updatedAt": "2026-08-22",
        "checkedAt": "2026-08-22",
        "checkStatus": "unchecked"
      }
    },
    {
      "type": "Feature",
      "geometry": {
        "type": "Point",
        "coordinates": [
          -121.8863,
          37.3382
        ]
      },
      "properties": {
        "id": "murata-electronics-north-america",
        "name": "Murata Electronics North America",
        "nameJa": "ムラタエレクトロニクスノースアメリカ",
        "website": "https://www.murata.com",
        "address": "San Jose, CA (approx.)",
        "city": "San Jose",
        "county": "Santa Clara County",
        "entityType": "company",
        "japanConnection": "japan-headquartered",
        "scale": "large",
        "industries": [
          "electronics",
          "manufacturing"
        ],
        "sourceUrl": "https://www.murata.com",
        "updatedAt": "2026-08-22",
        "checkedAt": "2026-08-22",
        "checkStatus": "unchecked"
      }
    },
    {
      "type": "Feature",
      "geometry": {
        "type": "Point",
        "coordinates": [
          -122.143,
          37.4419
        ]
      },
      "properties": {
        "id": "yamaha-motor-ventures",
        "name": "Yamaha Motor Ventures",
        "nameJa": "ヤマハモーターベンチャーズ",
        "website": "https://www.yamahamotorventures.com",
        "address": "Palo Alto, CA (approx.)",
        "city": "Palo Alto",
        "county": "Santa Clara County",
        "entityType": "vc-cvc",
        "japanConnection": "japan-headquartered",
        "scale": "not-applicable",
        "industries": [
          "venture-capital",
          "mobility"
        ],
        "sourceUrl": "https://www.yamahamotorventures.com",
        "updatedAt": "2026-08-22",
        "checkedAt": "2026-08-22",
        "checkStatus": "unchecked"
      }
    },
    {
      "type": "Feature",
      "geometry": {
        "type": "Point",
        "coordinates": [
          -121.8747,
          37.6624
        ]
      },
      "properties": {
        "id": "omron-robotics-and-safety-technologies",
        "name": "OMRON Robotics and Safety Technologies",
        "nameJa": "オムロン ロボティクス アンド セーフティ テクノロジーズ",
        "website": "https://automation.omron.com",
        "address": "Pleasanton, CA (approx.)",
        "city": "Pleasanton",
        "county": "Alameda County",
        "entityType": "company",
        "japanConnection": "japan-headquartered",
        "scale": "large",
        "industries": [
          "robotics",
          "manufacturing"
        ],
        "sourceUrl": "https://automation.omron.com",
        "updatedAt": "2026-08-22",
        "checkedAt": "2026-08-22",
        "checkStatus": "unchecked"
      }
    },
    {
      "type": "Feature",
      "geometry": {
        "type": "Point",
        "coordinates": [
          -122.2758,
          37.5202
        ]
      },
      "properties": {
        "id": "nikon-research-corporation-of-america",
        "name": "Nikon Research Corporation of America",
        "nameJa": "ニコンリサーチ コーポレーション オブ アメリカ",
        "website": "https://www.nikon.com",
        "address": "Belmont, CA (approx.)",
        "city": "Belmont",
        "county": "San Mateo County",
        "entityType": "company",
        "japanConnection": "japan-headquartered",
        "scale": "large",
        "industries": [
          "optics",
          "manufacturing"
        ],
        "sourceUrl": "https://www.nikon.com",
        "updatedAt": "2026-08-22",
        "checkedAt": "2026-08-22",
        "checkStatus": "unchecked"
      }
    },
    {
      "type": "Feature",
      "geometry": {
        "type": "Point",
        "coordinates": [
          -122.1822,
          37.4538
        ]
      },
      "properties": {
        "id": "ricoh-innovations",
        "name": "Ricoh Innovations",
        "nameJa": "リコーイノベーションズ",
        "website": "https://www.ricoh.com",
        "address": "Menlo Park, CA (approx.)",
        "city": "Menlo Park",
        "county": "San Mateo County",
        "entityType": "company",
        "japanConnection": "japan-headquartered",
        "scale": "large",
        "industries": [
          "electronics",
          "research"
        ],
        "sourceUrl": "https://www.ricoh.com",
        "updatedAt": "2026-08-22",
        "checkedAt": "2026-08-22",
        "checkStatus": "unchecked"
      }
    },
    {
      "type": "Feature",
      "geometry": {
        "type": "Point",
        "coordinates": [
          -122.3255,
          37.563
        ]
      },
      "properties": {
        "id": "konica-minolta-laboratory-usa",
        "name": "Konica Minolta Laboratory USA",
        "nameJa": "コニカミノルタラボラトリーUSA",
        "website": "https://research.konicaminolta.com",
        "address": "San Mateo, CA (approx.)",
        "city": "San Mateo",
        "county": "San Mateo County",
        "entityType": "company",
        "japanConnection": "japan-headquartered",
        "scale": "large",
        "industries": [
          "imaging",
          "research"
        ],
        "sourceUrl": "https://research.konicaminolta.com",
        "updatedAt": "2026-08-22",
        "checkedAt": "2026-08-22",
        "checkStatus": "unchecked"
      }
    },
    {
      "type": "Feature",
      "geometry": {
        "type": "Point",
        "coordinates": [
          -122.3255,
          37.563
        ]
      },
      "properties": {
        "id": "rakuten-americas",
        "name": "Rakuten Americas",
        "nameJa": "楽天アメリカズ",
        "website": "https://global.rakuten.com",
        "address": "San Mateo, CA (approx.)",
        "city": "San Mateo",
        "county": "San Mateo County",
        "entityType": "company",
        "japanConnection": "japan-headquartered",
        "scale": "large",
        "industries": [
          "internet",
          "ecommerce"
        ],
        "sourceUrl": "https://global.rakuten.com",
        "updatedAt": "2026-08-22",
        "checkedAt": "2026-08-22",
        "checkStatus": "unchecked"
      }
    },
    {
      "type": "Feature",
      "geometry": {
        "type": "Point",
        "coordinates": [
          -122.0406,
          37.5464
        ]
      },
      "properties": {
        "id": "panasonic-north-america",
        "name": "Panasonic North America",
        "nameJa": "パナソニック・ノースアメリカ",
        "website": "https://www.panasonic.com/us",
        "address": "Newark, CA (approx.)",
        "city": "Newark",
        "county": "Alameda County",
        "entityType": "company",
        "japanConnection": "japan-headquartered",
        "scale": "large",
        "industries": [
          "electronics",
          "manufacturing"
        ],
        "sourceUrl": "https://www.panasonic.com/us",
        "updatedAt": "2026-08-22",
        "checkedAt": "2026-08-22",
        "checkStatus": "unchecked"
      }
    },
    {
      "type": "Feature",
      "geometry": {
        "type": "Point",
        "coordinates": [
          -121.8863,
          37.3382
        ]
      },
      "properties": {
        "id": "denso-international-america",
        "name": "DENSO International America",
        "nameJa": "デンソーインターナショナルアメリカ",
        "website": "https://www.denso.com/us-ca/en/",
        "address": "San Jose, CA (approx.)",
        "city": "San Jose",
        "county": "Santa Clara County",
        "entityType": "company",
        "japanConnection": "japan-headquartered",
        "scale": "large",
        "industries": [
          "automotive",
          "manufacturing"
        ],
        "sourceUrl": "https://www.denso.com/us-ca/en/",
        "updatedAt": "2026-08-22",
        "checkedAt": "2026-08-22",
        "checkStatus": "unchecked"
      }
    },
    {
      "type": "Feature",
      "geometry": {
        "type": "Point",
        "coordinates": [
          -121.8863,
          37.3382
        ]
      },
      "properties": {
        "id": "nidec-america",
        "name": "Nidec America",
        "nameJa": "ニデックアメリカ",
        "website": "https://www.nidec.com/en/",
        "address": "San Jose, CA (approx.)",
        "city": "San Jose",
        "county": "Santa Clara County",
        "entityType": "company",
        "japanConnection": "japan-headquartered",
        "scale": "large",
        "industries": [
          "motors",
          "manufacturing"
        ],
        "sourceUrl": "https://www.nidec.com/en/",
        "updatedAt": "2026-08-22",
        "checkedAt": "2026-08-22",
        "checkStatus": "unchecked"
      }
    },
    {
      "type": "Feature",
      "geometry": {
        "type": "Point",
        "coordinates": [
          -121.8863,
          37.3382
        ]
      },
      "properties": {
        "id": "alps-alpine-north-america",
        "name": "Alps Alpine North America",
        "nameJa": "アルプスアルパインノースアメリカ",
        "website": "https://www.alpsalpine.com/",
        "address": "San Jose, CA (approx.)",
        "city": "San Jose",
        "county": "Santa Clara County",
        "entityType": "company",
        "japanConnection": "japan-headquartered",
        "scale": "large",
        "industries": [
          "electronics",
          "automotive"
        ],
        "sourceUrl": "https://www.alpsalpine.com/",
        "updatedAt": "2026-08-22",
        "checkedAt": "2026-08-22",
        "checkStatus": "unchecked"
      }
    },
    {
      "type": "Feature",
      "geometry": {
        "type": "Point",
        "coordinates": [
          -121.8863,
          37.3382
        ]
      },
      "properties": {
        "id": "minebeamitsumi-technology-center",
        "name": "MinebeaMitsumi Technology Center",
        "nameJa": "ミネベアミツミテクノロジーセンター",
        "website": "https://www.minebeamitsumi.com/",
        "address": "San Jose, CA (approx.)",
        "city": "San Jose",
        "county": "Santa Clara County",
        "entityType": "company",
        "japanConnection": "japan-headquartered",
        "scale": "large",
        "industries": [
          "electronics",
          "manufacturing"
        ],
        "sourceUrl": "https://www.minebeamitsumi.com/",
        "updatedAt": "2026-08-22",
        "checkedAt": "2026-08-22",
        "checkStatus": "unchecked"
      }
    },
    {
      "type": "Feature",
      "geometry": {
        "type": "Point",
        "coordinates": [
          -121.9547,
          37.3541
        ]
      },
      "properties": {
        "id": "mitsubishi-electric-us",
        "name": "Mitsubishi Electric US",
        "nameJa": "三菱電機US",
        "website": "https://us.mitsubishielectric.com/",
        "address": "Santa Clara, CA (approx.)",
        "city": "Santa Clara",
        "county": "Santa Clara County",
        "entityType": "company",
        "japanConnection": "japan-headquartered",
        "scale": "large",
        "industries": [
          "electronics",
          "manufacturing"
        ],
        "sourceUrl": "https://us.mitsubishielectric.com/",
        "updatedAt": "2026-08-22",
        "checkedAt": "2026-08-22",
        "checkStatus": "unchecked"
      }
    },
    {
      "type": "Feature",
      "geometry": {
        "type": "Point",
        "coordinates": [
          -122.4194,
          37.7749
        ]
      },
      "properties": {
        "id": "mitsubishi-heavy-industries-america",
        "name": "Mitsubishi Heavy Industries America",
        "nameJa": "三菱重工業アメリカ",
        "website": "https://www.mhi.com/",
        "address": "San Francisco, CA (approx.)",
        "city": "San Francisco",
        "county": "San Francisco County",
        "entityType": "company",
        "japanConnection": "japan-headquartered",
        "scale": "large",
        "industries": [
          "industrial",
          "manufacturing"
        ],
        "sourceUrl": "https://www.mhi.com/",
        "updatedAt": "2026-08-22",
        "checkedAt": "2026-08-22",
        "checkStatus": "unchecked"
      }
    },
    {
      "type": "Feature",
      "geometry": {
        "type": "Point",
        "coordinates": [
          -122.4194,
          37.7749
        ]
      },
      "properties": {
        "id": "ihi-americas",
        "name": "IHI Americas",
        "nameJa": "IHIアメリカ",
        "website": "https://www.ihi.co.jp/ia/en/",
        "address": "San Francisco, CA (approx.)",
        "city": "San Francisco",
        "county": "San Francisco County",
        "entityType": "company",
        "japanConnection": "japan-headquartered",
        "scale": "large",
        "industries": [
          "industrial",
          "manufacturing"
        ],
        "sourceUrl": "https://www.ihi.co.jp/ia/en/",
        "updatedAt": "2026-08-22",
        "checkedAt": "2026-08-22",
        "checkStatus": "unchecked"
      }
    },
    {
      "type": "Feature",
      "geometry": {
        "type": "Point",
        "coordinates": [
          -122.4194,
          37.7749
        ]
      },
      "properties": {
        "id": "komatsu-silicon-valley",
        "name": "Komatsu Silicon Valley",
        "nameJa": "コマツシリコンバレー",
        "website": "https://www.komatsu.com/",
        "address": "San Francisco, CA (approx.)",
        "city": "San Francisco",
        "county": "San Francisco County",
        "entityType": "company",
        "japanConnection": "japan-headquartered",
        "scale": "large",
        "industries": [
          "industrial",
          "manufacturing"
        ],
        "sourceUrl": "https://www.komatsu.com/",
        "updatedAt": "2026-08-22",
        "checkedAt": "2026-08-22",
        "checkStatus": "unchecked"
      }
    },
    {
      "type": "Feature",
      "geometry": {
        "type": "Point",
        "coordinates": [
          -121.9886,
          37.5485
        ]
      },
      "properties": {
        "id": "yaskawa-america",
        "name": "Yaskawa America",
        "nameJa": "安川電機アメリカ",
        "website": "https://www.yaskawa.com/",
        "address": "Fremont, CA (approx.)",
        "city": "Fremont",
        "county": "Alameda County",
        "entityType": "company",
        "japanConnection": "japan-headquartered",
        "scale": "large",
        "industries": [
          "robotics",
          "manufacturing"
        ],
        "sourceUrl": "https://www.yaskawa.com/",
        "updatedAt": "2026-08-22",
        "checkedAt": "2026-08-22",
        "checkStatus": "unchecked"
      }
    },
    {
      "type": "Feature",
      "geometry": {
        "type": "Point",
        "coordinates": [
          -122.392125,
          37.7822601
        ]
      },
      "properties": {
        "id": "sf-140-proof",
        "name": "140 Proof",
        "nameJa": "140 Proof",
        "website": "https://www.140proof.com/",
        "address": "77 De Boom St, San Francisco, CA 94107",
        "city": "San Francisco",
        "county": "San Francisco County",
        "entityType": "company",
        "japanConnection": "none",
        "scale": "growth",
        "industries": [
          "technology"
        ],
        "sourceUrl": "https://github.com/theShiva/sf-companies",
        "updatedAt": "2026-08-22",
        "checkedAt": "2026-08-22",
        "checkStatus": "unchecked"
      }
    },
    {
      "type": "Feature",
      "geometry": {
        "type": "Point",
        "coordinates": [
          -122.4194155,
          37.7749295
        ]
      },
      "properties": {
        "id": "sf-abl-schools",
        "name": "Abl Schools",
        "nameJa": "Abl Schools",
        "website": "https://ablschools.com/",
        "address": "San Francisco",
        "city": "San Francisco",
        "county": "San Francisco County",
        "entityType": "company",
        "japanConnection": "none",
        "scale": "startup",
        "industries": [
          "technology"
        ],
        "sourceUrl": "https://github.com/theShiva/sf-companies",
        "updatedAt": "2026-08-22",
        "checkedAt": "2026-08-22",
        "checkStatus": "unchecked"
      }
    },
    {
      "type": "Feature",
      "geometry": {
        "type": "Point",
        "coordinates": [
          -122.4185924,
          37.7560341
        ]
      },
      "properties": {
        "id": "sf-abstract",
        "name": "Abstract",
        "nameJa": "Abstract",
        "website": "https://www.goabstract.com/",
        "address": "2567 Mission Street, San Francisco,  CA  94110",
        "city": "San Francisco",
        "county": "San Francisco County",
        "entityType": "company",
        "japanConnection": "none",
        "scale": "startup",
        "industries": [
          "technology"
        ],
        "sourceUrl": "https://github.com/theShiva/sf-companies",
        "updatedAt": "2026-08-22",
        "checkedAt": "2026-08-22",
        "checkStatus": "unchecked"
      }
    },
    {
      "type": "Feature",
      "geometry": {
        "type": "Point",
        "coordinates": [
          -122.399372,
          37.7886963
        ]
      },
      "properties": {
        "id": "sf-accenture",
        "name": "Accenture",
        "nameJa": "Accenture",
        "website": "https://www.accenture.com",
        "address": "560 Mission St #1200, San Francisco, CA 94105",
        "city": "San Francisco",
        "county": "San Francisco County",
        "entityType": "company",
        "japanConnection": "none",
        "scale": "growth",
        "industries": [
          "technology"
        ],
        "sourceUrl": "https://github.com/theShiva/sf-companies",
        "updatedAt": "2026-08-22",
        "checkedAt": "2026-08-22",
        "checkStatus": "unchecked"
      }
    },
    {
      "type": "Feature",
      "geometry": {
        "type": "Point",
        "coordinates": [
          -122.4047939,
          37.7929546
        ]
      },
      "properties": {
        "id": "sf-admitsee",
        "name": "Admitsee",
        "nameJa": "Admitsee",
        "website": "https://www.admitsee.com",
        "address": "600 California St., 11/F, San Francisco, CA 94109",
        "city": "San Francisco",
        "county": "San Francisco County",
        "entityType": "company",
        "japanConnection": "none",
        "scale": "startup",
        "industries": [
          "technology"
        ],
        "sourceUrl": "https://github.com/theShiva/sf-companies",
        "updatedAt": "2026-08-22",
        "checkedAt": "2026-08-22",
        "checkStatus": "unchecked"
      }
    },
    {
      "type": "Feature",
      "geometry": {
        "type": "Point",
        "coordinates": [
          -122.4016624,
          37.7712057
        ]
      },
      "properties": {
        "id": "sf-adobe",
        "name": "Adobe",
        "nameJa": "Adobe",
        "website": "http://www.adobe.com/",
        "address": "601 Townsend St, San Francisco, CA 94103",
        "city": "San Francisco",
        "county": "San Francisco County",
        "entityType": "company",
        "japanConnection": "none",
        "scale": "growth",
        "industries": [
          "technology"
        ],
        "sourceUrl": "https://github.com/theShiva/sf-companies",
        "updatedAt": "2026-08-22",
        "checkedAt": "2026-08-22",
        "checkStatus": "unchecked"
      }
    },
    {
      "type": "Feature",
      "geometry": {
        "type": "Point",
        "coordinates": [
          -122.4051181,
          37.7903654
        ]
      },
      "properties": {
        "id": "sf-adstage",
        "name": "AdStage",
        "nameJa": "AdStage",
        "website": "https://www.adstage.io/",
        "address": "461 Bush St 4th Floor, San Francisco, CA 94108",
        "city": "San Francisco",
        "county": "San Francisco County",
        "entityType": "company",
        "japanConnection": "none",
        "scale": "startup",
        "industries": [
          "technology"
        ],
        "sourceUrl": "https://github.com/theShiva/sf-companies",
        "updatedAt": "2026-08-22",
        "checkedAt": "2026-08-22",
        "checkStatus": "unchecked"
      }
    },
    {
      "type": "Feature",
      "geometry": {
        "type": "Point",
        "coordinates": [
          -122.4026339,
          37.7717038
        ]
      },
      "properties": {
        "id": "sf-advent-software",
        "name": "Advent Software",
        "nameJa": "Advent Software",
        "website": "https://www.advent.com/",
        "address": "600 Townsend St, San Francisco, CA 94103",
        "city": "San Francisco",
        "county": "San Francisco County",
        "entityType": "company",
        "japanConnection": "none",
        "scale": "growth",
        "industries": [
          "technology"
        ],
        "sourceUrl": "https://github.com/theShiva/sf-companies",
        "updatedAt": "2026-08-22",
        "checkedAt": "2026-08-22",
        "checkStatus": "unchecked"
      }
    },
    {
      "type": "Feature",
      "geometry": {
        "type": "Point",
        "coordinates": [
          -122.4052114,
          37.7929116
        ]
      },
      "properties": {
        "id": "sf-affirm",
        "name": "Affirm",
        "nameJa": "Affirm",
        "website": "https://www.affirm.com",
        "address": "650 California St, San Francisco, CA 94108",
        "city": "San Francisco",
        "county": "San Francisco County",
        "entityType": "company",
        "japanConnection": "none",
        "scale": "startup",
        "industries": [
          "technology"
        ],
        "sourceUrl": "https://github.com/theShiva/sf-companies",
        "updatedAt": "2026-08-22",
        "checkedAt": "2026-08-22",
        "checkStatus": "unchecked"
      }
    },
    {
      "type": "Feature",
      "geometry": {
        "type": "Point",
        "coordinates": [
          -122.399368,
          37.792085
        ]
      },
      "properties": {
        "id": "sf-after-college",
        "name": "After College",
        "nameJa": "After College",
        "website": "https://www.aftercollege.com/",
        "address": "98 Battery St # 502, San Francisco, CA 94111",
        "city": "San Francisco",
        "county": "San Francisco County",
        "entityType": "company",
        "japanConnection": "none",
        "scale": "growth",
        "industries": [
          "technology"
        ],
        "sourceUrl": "https://github.com/theShiva/sf-companies",
        "updatedAt": "2026-08-22",
        "checkedAt": "2026-08-22",
        "checkStatus": "unchecked"
      }
    },
    {
      "type": "Feature",
      "geometry": {
        "type": "Point",
        "coordinates": [
          -122.4063532,
          37.7701381
        ]
      },
      "properties": {
        "id": "sf-airbnb",
        "name": "Airbnb",
        "nameJa": "Airbnb",
        "website": "https://www.airbnb.com/",
        "address": "999 Brannan St, San Francisco, CA 94103",
        "city": "San Francisco",
        "county": "San Francisco County",
        "entityType": "company",
        "japanConnection": "none",
        "scale": "growth",
        "industries": [
          "technology"
        ],
        "sourceUrl": "https://github.com/theShiva/sf-companies",
        "updatedAt": "2026-08-22",
        "checkedAt": "2026-08-22",
        "checkStatus": "unchecked"
      }
    },
    {
      "type": "Feature",
      "geometry": {
        "type": "Point",
        "coordinates": [
          -122.4017308,
          37.7936972
        ]
      },
      "properties": {
        "id": "sf-airware",
        "name": "Airware",
        "nameJa": "Airware",
        "website": "https://www.airware.com/",
        "address": "343 Sansome St #600, San Francisco, CA 94104",
        "city": "San Francisco",
        "county": "San Francisco County",
        "entityType": "company",
        "japanConnection": "none",
        "scale": "startup",
        "industries": [
          "technology"
        ],
        "sourceUrl": "https://github.com/theShiva/sf-companies",
        "updatedAt": "2026-08-22",
        "checkedAt": "2026-08-22",
        "checkStatus": "unchecked"
      }
    },
    {
      "type": "Feature",
      "geometry": {
        "type": "Point",
        "coordinates": [
          -122.398354,
          37.7827069
        ]
      },
      "properties": {
        "id": "sf-akqa",
        "name": "AKQA",
        "nameJa": "AKQA",
        "website": "http://www.akqa.com/",
        "address": "360 Third St, San Francisco, CA 94107",
        "city": "San Francisco",
        "county": "San Francisco County",
        "entityType": "company",
        "japanConnection": "none",
        "scale": "growth",
        "industries": [
          "technology"
        ],
        "sourceUrl": "https://github.com/theShiva/sf-companies",
        "updatedAt": "2026-08-22",
        "checkedAt": "2026-08-22",
        "checkStatus": "unchecked"
      }
    },
    {
      "type": "Feature",
      "geometry": {
        "type": "Point",
        "coordinates": [
          -122.4083398,
          37.786667
        ]
      },
      "properties": {
        "id": "sf-aktana",
        "name": "Aktana",
        "nameJa": "Aktana",
        "website": "https://www.aktana.com/",
        "address": "207 Powell St #800, San Francisco, CA 94102",
        "city": "San Francisco",
        "county": "San Francisco County",
        "entityType": "company",
        "japanConnection": "none",
        "scale": "startup",
        "industries": [
          "technology"
        ],
        "sourceUrl": "https://github.com/theShiva/sf-companies",
        "updatedAt": "2026-08-22",
        "checkedAt": "2026-08-22",
        "checkStatus": "unchecked"
      }
    },
    {
      "type": "Feature",
      "geometry": {
        "type": "Point",
        "coordinates": [
          -122.3976788,
          37.7869105
        ]
      },
      "properties": {
        "id": "sf-algolia",
        "name": "Algolia",
        "nameJa": "Algolia",
        "website": "https://www.algolia.com/",
        "address": "589 Howard St, San Francisco, CA 94105",
        "city": "San Francisco",
        "county": "San Francisco County",
        "entityType": "company",
        "japanConnection": "none",
        "scale": "startup",
        "industries": [
          "technology"
        ],
        "sourceUrl": "https://github.com/theShiva/sf-companies",
        "updatedAt": "2026-08-22",
        "checkedAt": "2026-08-22",
        "checkStatus": "unchecked"
      }
    },
    {
      "type": "Feature",
      "geometry": {
        "type": "Point",
        "coordinates": [
          -122.4012663,
          37.7904356
        ]
      },
      "properties": {
        "id": "sf-alpha-sense",
        "name": "Alpha Sense",
        "nameJa": "Alpha Sense",
        "website": "https://www.alpha-sense.com/",
        "address": "One Sansome St Suite 3500, San Francisco, CA 94104",
        "city": "San Francisco",
        "county": "San Francisco County",
        "entityType": "company",
        "japanConnection": "none",
        "scale": "startup",
        "industries": [
          "technology"
        ],
        "sourceUrl": "https://github.com/theShiva/sf-companies",
        "updatedAt": "2026-08-22",
        "checkedAt": "2026-08-22",
        "checkStatus": "unchecked"
      }
    },
    {
      "type": "Feature",
      "geometry": {
        "type": "Point",
        "coordinates": [
          -122.4104789,
          37.7741888
        ]
      },
      "properties": {
        "id": "sf-altschool",
        "name": "AltSchool",
        "nameJa": "AltSchool",
        "website": "https://www.altschool.com/",
        "address": "1245 Folsom St, San Francisco, CA 94103",
        "city": "San Francisco",
        "county": "San Francisco County",
        "entityType": "company",
        "japanConnection": "none",
        "scale": "startup",
        "industries": [
          "technology"
        ],
        "sourceUrl": "https://github.com/theShiva/sf-companies",
        "updatedAt": "2026-08-22",
        "checkedAt": "2026-08-22",
        "checkStatus": "unchecked"
      }
    },
    {
      "type": "Feature",
      "geometry": {
        "type": "Point",
        "coordinates": [
          -122.4004926,
          37.7821435
        ]
      },
      "properties": {
        "id": "sf-always-hired",
        "name": "Always Hired",
        "nameJa": "Always Hired",
        "website": "http://www.alwayshired.com/",
        "address": "795 Folsom St, San Francisco, CA 94103",
        "city": "San Francisco",
        "county": "San Francisco County",
        "entityType": "company",
        "japanConnection": "none",
        "scale": "startup",
        "industries": [
          "technology"
        ],
        "sourceUrl": "https://github.com/theShiva/sf-companies",
        "updatedAt": "2026-08-22",
        "checkedAt": "2026-08-22",
        "checkStatus": "unchecked"
      }
    },
    {
      "type": "Feature",
      "geometry": {
        "type": "Point",
        "coordinates": [
          -122.4019403,
          37.7945733
        ]
      },
      "properties": {
        "id": "sf-amazon-web-services",
        "name": "Amazon Web Services",
        "nameJa": "Amazon Web Services",
        "website": "https://www.amazon.jobs/en",
        "address": "475 Sansome St, San Francisco, California 94111",
        "city": "San Francisco",
        "county": "San Francisco County",
        "entityType": "company",
        "japanConnection": "none",
        "scale": "growth",
        "industries": [
          "technology"
        ],
        "sourceUrl": "https://github.com/theShiva/sf-companies",
        "updatedAt": "2026-08-22",
        "checkedAt": "2026-08-22",
        "checkStatus": "unchecked"
      }
    },
    {
      "type": "Feature",
      "geometry": {
        "type": "Point",
        "coordinates": [
          -122.392966,
          37.7831809
        ]
      },
      "properties": {
        "id": "sf-amplitude-analytics",
        "name": "Amplitude Analytics",
        "nameJa": "Amplitude Analytics",
        "website": "https://amplitude.com/",
        "address": "501 2nd St #100, San Francisco, CA 94107",
        "city": "San Francisco",
        "county": "San Francisco County",
        "entityType": "company",
        "japanConnection": "none",
        "scale": "startup",
        "industries": [
          "technology"
        ],
        "sourceUrl": "https://github.com/theShiva/sf-companies",
        "updatedAt": "2026-08-22",
        "checkedAt": "2026-08-22",
        "checkStatus": "unchecked"
      }
    },
    {
      "type": "Feature",
      "geometry": {
        "type": "Point",
        "coordinates": [
          -122.4033805,
          37.79679
        ]
      },
      "properties": {
        "id": "sf-angellist",
        "name": "AngelList",
        "nameJa": "AngelList",
        "website": "https://angel.co/",
        "address": "90 Gold St, San Francisco, CA 94133",
        "city": "San Francisco",
        "county": "San Francisco County",
        "entityType": "company",
        "japanConnection": "none",
        "scale": "startup",
        "industries": [
          "technology"
        ],
        "sourceUrl": "https://github.com/theShiva/sf-companies",
        "updatedAt": "2026-08-22",
        "checkedAt": "2026-08-22",
        "checkStatus": "unchecked"
      }
    },
    {
      "type": "Feature",
      "geometry": {
        "type": "Point",
        "coordinates": [
          -122.4052114,
          37.7929116
        ]
      },
      "properties": {
        "id": "sf-appdirect",
        "name": "AppDirect",
        "nameJa": "AppDirect",
        "website": "https://www.appdirect.com/",
        "address": "650 California Street, San Francisco, CA 94108",
        "city": "San Francisco",
        "county": "San Francisco County",
        "entityType": "company",
        "japanConnection": "none",
        "scale": "growth",
        "industries": [
          "technology"
        ],
        "sourceUrl": "https://github.com/theShiva/sf-companies",
        "updatedAt": "2026-08-22",
        "checkedAt": "2026-08-22",
        "checkStatus": "unchecked"
      }
    },
    {
      "type": "Feature",
      "geometry": {
        "type": "Point",
        "coordinates": [
          -122.4053854,
          37.7865285
        ]
      },
      "properties": {
        "id": "sf-apteligent",
        "name": "Apteligent",
        "nameJa": "Apteligent",
        "website": "http://www.apteligent.com/",
        "address": "760 Market St #1101, San Francisco, CA 94102",
        "city": "San Francisco",
        "county": "San Francisco County",
        "entityType": "company",
        "japanConnection": "none",
        "scale": "startup",
        "industries": [
          "technology"
        ],
        "sourceUrl": "https://github.com/theShiva/sf-companies",
        "updatedAt": "2026-08-22",
        "checkedAt": "2026-08-22",
        "checkStatus": "unchecked"
      }
    },
    {
      "type": "Feature",
      "geometry": {
        "type": "Point",
        "coordinates": [
          -122.4111829,
          37.7675345
        ]
      },
      "properties": {
        "id": "sf-asana",
        "name": "Asana",
        "nameJa": "Asana",
        "website": "https://asana.com",
        "address": "1550 Bryant St #800, San Francisco, CA 94103",
        "city": "San Francisco",
        "county": "San Francisco County",
        "entityType": "company",
        "japanConnection": "none",
        "scale": "growth",
        "industries": [
          "technology"
        ],
        "sourceUrl": "https://github.com/theShiva/sf-companies",
        "updatedAt": "2026-08-22",
        "checkedAt": "2026-08-22",
        "checkStatus": "unchecked"
      }
    },
    {
      "type": "Feature",
      "geometry": {
        "type": "Point",
        "coordinates": [
          -122.4194155,
          37.7749295
        ]
      },
      "properties": {
        "id": "sf-automattic",
        "name": "Automattic",
        "nameJa": "Automattic",
        "website": "https://automattic.com/",
        "address": "San Francisco",
        "city": "San Francisco",
        "county": "San Francisco County",
        "entityType": "company",
        "japanConnection": "none",
        "scale": "growth",
        "industries": [
          "technology"
        ],
        "sourceUrl": "https://github.com/theShiva/sf-companies",
        "updatedAt": "2026-08-22",
        "checkedAt": "2026-08-22",
        "checkStatus": "unchecked"
      }
    },
    {
      "type": "Feature",
      "geometry": {
        "type": "Point",
        "coordinates": [
          -122.4038945,
          37.7812743
        ]
      },
      "properties": {
        "id": "sf-bebo",
        "name": "Bebo",
        "nameJa": "Bebo",
        "website": "https://bebo.com/",
        "address": "387 Tehama St, San Francisco, CA 94103",
        "city": "San Francisco",
        "county": "San Francisco County",
        "entityType": "company",
        "japanConnection": "none",
        "scale": "growth",
        "industries": [
          "technology"
        ],
        "sourceUrl": "https://github.com/theShiva/sf-companies",
        "updatedAt": "2026-08-22",
        "checkedAt": "2026-08-22",
        "checkStatus": "unchecked"
      }
    },
    {
      "type": "Feature",
      "geometry": {
        "type": "Point",
        "coordinates": [
          -122.4105148,
          37.7757411
        ]
      },
      "properties": {
        "id": "sf-betterup",
        "name": "BetterUp",
        "nameJa": "BetterUp",
        "website": "https://www.betterup.co/",
        "address": "267 8th St, San Francisco, CA 94103",
        "city": "San Francisco",
        "county": "San Francisco County",
        "entityType": "company",
        "japanConnection": "none",
        "scale": "startup",
        "industries": [
          "technology"
        ],
        "sourceUrl": "https://github.com/theShiva/sf-companies",
        "updatedAt": "2026-08-22",
        "checkedAt": "2026-08-22",
        "checkStatus": "unchecked"
      }
    },
    {
      "type": "Feature",
      "geometry": {
        "type": "Point",
        "coordinates": [
          -122.4035231,
          37.7952457
        ]
      },
      "properties": {
        "id": "sf-beyond-games",
        "name": "Beyond Games",
        "nameJa": "Beyond Games",
        "website": "https://www.beyondgames.co/",
        "address": "655 Montgomery St, San Francisco, CA 94111",
        "city": "San Francisco",
        "county": "San Francisco County",
        "entityType": "company",
        "japanConnection": "none",
        "scale": "startup",
        "industries": [
          "technology"
        ],
        "sourceUrl": "https://github.com/theShiva/sf-companies",
        "updatedAt": "2026-08-22",
        "checkedAt": "2026-08-22",
        "checkStatus": "unchecked"
      }
    },
    {
      "type": "Feature",
      "geometry": {
        "type": "Point",
        "coordinates": [
          -122.4029056,
          37.7877948
        ]
      },
      "properties": {
        "id": "sf-bigcommerce",
        "name": "BigCommerce",
        "nameJa": "BigCommerce",
        "website": "https://www.bigcommerce.com",
        "address": "685 Market St, San Francisco, CA 94105",
        "city": "San Francisco",
        "county": "San Francisco County",
        "entityType": "company",
        "japanConnection": "none",
        "scale": "growth",
        "industries": [
          "technology"
        ],
        "sourceUrl": "https://github.com/theShiva/sf-companies",
        "updatedAt": "2026-08-22",
        "checkedAt": "2026-08-22",
        "checkStatus": "unchecked"
      }
    },
    {
      "type": "Feature",
      "geometry": {
        "type": "Point",
        "coordinates": [
          -122.4317055,
          37.760926
        ]
      },
      "properties": {
        "id": "sf-binti",
        "name": "Binti",
        "nameJa": "Binti",
        "website": "https://binti.com/",
        "address": "3951 18th Street, San Francisco, CA 94114",
        "city": "San Francisco",
        "county": "San Francisco County",
        "entityType": "company",
        "japanConnection": "none",
        "scale": "startup",
        "industries": [
          "technology"
        ],
        "sourceUrl": "https://github.com/theShiva/sf-companies",
        "updatedAt": "2026-08-22",
        "checkedAt": "2026-08-22",
        "checkStatus": "unchecked"
      }
    },
    {
      "type": "Feature",
      "geometry": {
        "type": "Point",
        "coordinates": [
          -122.4011265,
          37.7872746
        ]
      },
      "properties": {
        "id": "sf-bitnami",
        "name": "Bitnami",
        "nameJa": "Bitnami",
        "website": "https://bitnami.com/",
        "address": "650 Mission St, San Francisco, CA 94105",
        "city": "San Francisco",
        "county": "San Francisco County",
        "entityType": "company",
        "japanConnection": "none",
        "scale": "startup",
        "industries": [
          "technology"
        ],
        "sourceUrl": "https://github.com/theShiva/sf-companies",
        "updatedAt": "2026-08-22",
        "checkedAt": "2026-08-22",
        "checkStatus": "unchecked"
      }
    },
    {
      "type": "Feature",
      "geometry": {
        "type": "Point",
        "coordinates": [
          -122.4018618,
          37.7903775
        ]
      },
      "properties": {
        "id": "sf-blend-labs",
        "name": "blend labs",
        "nameJa": "blend labs",
        "website": "https://blend.com/",
        "address": "100 Montgomery St Floor 25, San Francisco, CA 94104",
        "city": "San Francisco",
        "county": "San Francisco County",
        "entityType": "company",
        "japanConnection": "none",
        "scale": "startup",
        "industries": [
          "technology"
        ],
        "sourceUrl": "https://github.com/theShiva/sf-companies",
        "updatedAt": "2026-08-22",
        "checkedAt": "2026-08-22",
        "checkStatus": "unchecked"
      }
    },
    {
      "type": "Feature",
      "geometry": {
        "type": "Point",
        "coordinates": [
          -122.4027228,
          37.7902183
        ]
      },
      "properties": {
        "id": "sf-bloc",
        "name": "Bloc",
        "nameJa": "Bloc",
        "website": "https://www.bloc.io/",
        "address": "110 Sutter St, San Francisco, CA 94104",
        "city": "San Francisco",
        "county": "San Francisco County",
        "entityType": "company",
        "japanConnection": "none",
        "scale": "startup",
        "industries": [
          "technology"
        ],
        "sourceUrl": "https://github.com/theShiva/sf-companies",
        "updatedAt": "2026-08-22",
        "checkedAt": "2026-08-22",
        "checkStatus": "unchecked"
      }
    },
    {
      "type": "Feature",
      "geometry": {
        "type": "Point",
        "coordinates": [
          -122.3893622,
          37.7518241
        ]
      },
      "properties": {
        "id": "sf-bloomthat",
        "name": "BloomThat",
        "nameJa": "BloomThat",
        "website": "https://www.bloomthat.com/",
        "address": "1409 Minnesota St, San Francisco, CA 94107",
        "city": "San Francisco",
        "county": "San Francisco County",
        "entityType": "company",
        "japanConnection": "none",
        "scale": "startup",
        "industries": [
          "technology"
        ],
        "sourceUrl": "https://github.com/theShiva/sf-companies",
        "updatedAt": "2026-08-22",
        "checkedAt": "2026-08-22",
        "checkStatus": "unchecked"
      }
    },
    {
      "type": "Feature",
      "geometry": {
        "type": "Point",
        "coordinates": [
          -122.4041434,
          37.7929816
        ]
      },
      "properties": {
        "id": "sf-blurb",
        "name": "Blurb",
        "nameJa": "Blurb",
        "website": "http://www.blurb.com/",
        "address": "580 California St # 300, San Francisco, CA 94104",
        "city": "San Francisco",
        "county": "San Francisco County",
        "entityType": "company",
        "japanConnection": "none",
        "scale": "growth",
        "industries": [
          "technology"
        ],
        "sourceUrl": "https://github.com/theShiva/sf-companies",
        "updatedAt": "2026-08-22",
        "checkedAt": "2026-08-22",
        "checkStatus": "unchecked"
      }
    },
    {
      "type": "Feature",
      "geometry": {
        "type": "Point",
        "coordinates": [
          -122.3906374,
          37.7798403
        ]
      },
      "properties": {
        "id": "sf-braintree",
        "name": "Braintree",
        "nameJa": "Braintree",
        "website": "https://www.braintreepayments.com/",
        "address": "123 Townsend St, San Francisco, CA 94107",
        "city": "San Francisco",
        "county": "San Francisco County",
        "entityType": "company",
        "japanConnection": "none",
        "scale": "growth",
        "industries": [
          "technology"
        ],
        "sourceUrl": "https://github.com/theShiva/sf-companies",
        "updatedAt": "2026-08-22",
        "checkedAt": "2026-08-22",
        "checkStatus": "unchecked"
      }
    },
    {
      "type": "Feature",
      "geometry": {
        "type": "Point",
        "coordinates": [
          -122.3954939,
          37.7808637
        ]
      },
      "properties": {
        "id": "sf-brigade",
        "name": "Brigade",
        "nameJa": "Brigade",
        "website": "http://www.brigade.com/",
        "address": "524 3rd St, San Francisco, CA 94107",
        "city": "San Francisco",
        "county": "San Francisco County",
        "entityType": "company",
        "japanConnection": "none",
        "scale": "startup",
        "industries": [
          "technology"
        ],
        "sourceUrl": "https://github.com/theShiva/sf-companies",
        "updatedAt": "2026-08-22",
        "checkedAt": "2026-08-22",
        "checkStatus": "unchecked"
      }
    },
    {
      "type": "Feature",
      "geometry": {
        "type": "Point",
        "coordinates": [
          -122.394067,
          37.783046
        ]
      },
      "properties": {
        "id": "sf-brightbytes",
        "name": "BrightBytes",
        "nameJa": "BrightBytes",
        "website": "http://www.brightbytes.net/",
        "address": "490 2nd Street Suite 302 San Francisco, CA 94107",
        "city": "San Francisco",
        "county": "San Francisco County",
        "entityType": "company",
        "japanConnection": "none",
        "scale": "startup",
        "industries": [
          "technology"
        ],
        "sourceUrl": "https://github.com/theShiva/sf-companies",
        "updatedAt": "2026-08-22",
        "checkedAt": "2026-08-22",
        "checkStatus": "unchecked"
      }
    },
    {
      "type": "Feature",
      "geometry": {
        "type": "Point",
        "coordinates": [
          -122.4004793,
          37.799885
        ]
      },
      "properties": {
        "id": "sf-bugcrowd",
        "name": "Bugcrowd",
        "nameJa": "Bugcrowd",
        "website": "https://www.bugcrowd.com/",
        "address": "921 Front St #100, San Francisco, CA 94111",
        "city": "San Francisco",
        "county": "San Francisco County",
        "entityType": "company",
        "japanConnection": "none",
        "scale": "startup",
        "industries": [
          "technology"
        ],
        "sourceUrl": "https://github.com/theShiva/sf-companies",
        "updatedAt": "2026-08-22",
        "checkedAt": "2026-08-22",
        "checkStatus": "unchecked"
      }
    },
    {
      "type": "Feature",
      "geometry": {
        "type": "Point",
        "coordinates": [
          -122.3942764,
          37.7895269
        ]
      },
      "properties": {
        "id": "sf-buildzoom",
        "name": "BuildZoom",
        "nameJa": "BuildZoom",
        "website": "https://www.buildzoom.com/",
        "address": "301 Howard St #1410, San Francisco, CA 94105",
        "city": "San Francisco",
        "county": "San Francisco County",
        "entityType": "company",
        "japanConnection": "none",
        "scale": "startup",
        "industries": [
          "technology"
        ],
        "sourceUrl": "https://github.com/theShiva/sf-companies",
        "updatedAt": "2026-08-22",
        "checkedAt": "2026-08-22",
        "checkStatus": "unchecked"
      }
    },
    {
      "type": "Feature",
      "geometry": {
        "type": "Point",
        "coordinates": [
          -122.396102,
          37.779515
        ]
      },
      "properties": {
        "id": "sf-campsyte",
        "name": "Campsyte",
        "nameJa": "Campsyte",
        "website": "https://www.campsyte.com/",
        "address": "7 Freelon St, San Francisco, CA 94107",
        "city": "San Francisco",
        "county": "San Francisco County",
        "entityType": "company",
        "japanConnection": "none",
        "scale": "startup",
        "industries": [
          "technology"
        ],
        "sourceUrl": "https://github.com/theShiva/sf-companies",
        "updatedAt": "2026-08-22",
        "checkedAt": "2026-08-22",
        "checkStatus": "unchecked"
      }
    },
    {
      "type": "Feature",
      "geometry": {
        "type": "Point",
        "coordinates": [
          -122.4096951,
          37.7761423
        ]
      },
      "properties": {
        "id": "sf-castle",
        "name": "Castle",
        "nameJa": "Castle",
        "website": "https://castle.io/",
        "address": "60 Rausch St #205, San Francisco, CA 94103",
        "city": "San Francisco",
        "county": "San Francisco County",
        "entityType": "company",
        "japanConnection": "none",
        "scale": "startup",
        "industries": [
          "technology"
        ],
        "sourceUrl": "https://github.com/theShiva/sf-companies",
        "updatedAt": "2026-08-22",
        "checkedAt": "2026-08-22",
        "checkStatus": "unchecked"
      }
    },
    {
      "type": "Feature",
      "geometry": {
        "type": "Point",
        "coordinates": [
          -122.3995981,
          37.7929636
        ]
      },
      "properties": {
        "id": "sf-castle-global",
        "name": "Castle Global",
        "nameJa": "Castle Global",
        "website": "http://castleglobal.com/",
        "address": "255 California St, San Francisco, CA 94111",
        "city": "San Francisco",
        "county": "San Francisco County",
        "entityType": "company",
        "japanConnection": "none",
        "scale": "startup",
        "industries": [
          "technology"
        ],
        "sourceUrl": "https://github.com/theShiva/sf-companies",
        "updatedAt": "2026-08-22",
        "checkedAt": "2026-08-22",
        "checkStatus": "unchecked"
      }
    },
    {
      "type": "Feature",
      "geometry": {
        "type": "Point",
        "coordinates": [
          -122.3970376,
          37.7865115
        ]
      },
      "properties": {
        "id": "sf-cbs-interactive",
        "name": "CBS Interactive",
        "nameJa": "CBS Interactive",
        "website": "https://www.cbsinteractive.com/",
        "address": "235 2nd St, San Francisco, CA 94105",
        "city": "San Francisco",
        "county": "San Francisco County",
        "entityType": "company",
        "japanConnection": "none",
        "scale": "growth",
        "industries": [
          "technology"
        ],
        "sourceUrl": "https://github.com/theShiva/sf-companies",
        "updatedAt": "2026-08-22",
        "checkedAt": "2026-08-22",
        "checkStatus": "unchecked"
      }
    },
    {
      "type": "Feature",
      "geometry": {
        "type": "Point",
        "coordinates": [
          -122.3998545,
          37.78844
        ]
      },
      "properties": {
        "id": "sf-chartboost",
        "name": "Chartboost",
        "nameJa": "Chartboost",
        "website": "https://www.chartboost.com/",
        "address": "85 2nd St, San Francisco, CA 94105",
        "city": "San Francisco",
        "county": "San Francisco County",
        "entityType": "company",
        "japanConnection": "none",
        "scale": "startup",
        "industries": [
          "technology"
        ],
        "sourceUrl": "https://github.com/theShiva/sf-companies",
        "updatedAt": "2026-08-22",
        "checkedAt": "2026-08-22",
        "checkStatus": "unchecked"
      }
    },
    {
      "type": "Feature",
      "geometry": {
        "type": "Point",
        "coordinates": [
          -122.4087252,
          37.7629051
        ]
      },
      "properties": {
        "id": "sf-checkr",
        "name": "Checkr",
        "nameJa": "Checkr",
        "website": "https://checkr.com/",
        "address": "2505 Mariposa St, San Francisco, CA 94110",
        "city": "San Francisco",
        "county": "San Francisco County",
        "entityType": "company",
        "japanConnection": "none",
        "scale": "startup",
        "industries": [
          "technology"
        ],
        "sourceUrl": "https://github.com/theShiva/sf-companies",
        "updatedAt": "2026-08-22",
        "checkedAt": "2026-08-22",
        "checkStatus": "unchecked"
      }
    },
    {
      "type": "Feature",
      "geometry": {
        "type": "Point",
        "coordinates": [
          -122.4127071,
          37.7757238
        ]
      },
      "properties": {
        "id": "sf-chewse",
        "name": "Chewse",
        "nameJa": "Chewse",
        "website": "https://www.chewse.com/",
        "address": "1252 Howard St, San Francisco, CA 94103",
        "city": "San Francisco",
        "county": "San Francisco County",
        "entityType": "company",
        "japanConnection": "none",
        "scale": "startup",
        "industries": [
          "technology"
        ],
        "sourceUrl": "https://github.com/theShiva/sf-companies",
        "updatedAt": "2026-08-22",
        "checkedAt": "2026-08-22",
        "checkStatus": "unchecked"
      }
    },
    {
      "type": "Feature",
      "geometry": {
        "type": "Point",
        "coordinates": [
          -122.4194155,
          37.7749295
        ]
      },
      "properties": {
        "id": "sf-chime-bank",
        "name": "Chime Bank",
        "nameJa": "Chime Bank",
        "website": "https://www.chimebank.com/",
        "address": "San Francisco",
        "city": "San Francisco",
        "county": "San Francisco County",
        "entityType": "company",
        "japanConnection": "none",
        "scale": "startup",
        "industries": [
          "technology"
        ],
        "sourceUrl": "https://github.com/theShiva/sf-companies",
        "updatedAt": "2026-08-22",
        "checkedAt": "2026-08-22",
        "checkStatus": "unchecked"
      }
    },
    {
      "type": "Feature",
      "geometry": {
        "type": "Point",
        "coordinates": [
          -122.4080979,
          37.7821409
        ]
      },
      "properties": {
        "id": "sf-circle-medical",
        "name": "Circle Medical",
        "nameJa": "Circle Medical",
        "website": "https://www.circlemedical.com/",
        "address": "431 Jessie Street, San Francisco, CA, 94103",
        "city": "San Francisco",
        "county": "San Francisco County",
        "entityType": "company",
        "japanConnection": "none",
        "scale": "startup",
        "industries": [
          "technology"
        ],
        "sourceUrl": "https://github.com/theShiva/sf-companies",
        "updatedAt": "2026-08-22",
        "checkedAt": "2026-08-22",
        "checkStatus": "unchecked"
      }
    },
    {
      "type": "Feature",
      "geometry": {
        "type": "Point",
        "coordinates": [
          -122.404488,
          37.7900319
        ]
      },
      "properties": {
        "id": "sf-clara-lending",
        "name": "Clara Lending",
        "nameJa": "Clara Lending",
        "website": "https://clara.com/",
        "address": "222 Sutter St, San Francisco, CA 94108",
        "city": "San Francisco",
        "county": "San Francisco County",
        "entityType": "company",
        "japanConnection": "none",
        "scale": "startup",
        "industries": [
          "technology"
        ],
        "sourceUrl": "https://github.com/theShiva/sf-companies",
        "updatedAt": "2026-08-22",
        "checkedAt": "2026-08-22",
        "checkStatus": "unchecked"
      }
    },
    {
      "type": "Feature",
      "geometry": {
        "type": "Point",
        "coordinates": [
          -122.3961662,
          37.7780346
        ]
      },
      "properties": {
        "id": "sf-clearbit",
        "name": "Clearbit",
        "nameJa": "Clearbit",
        "website": "https://clearbit.com",
        "address": "601 4th Street, Suite #310, San Francisco, CA 94107",
        "city": "San Francisco",
        "county": "San Francisco County",
        "entityType": "company",
        "japanConnection": "none",
        "scale": "startup",
        "industries": [
          "technology"
        ],
        "sourceUrl": "https://github.com/theShiva/sf-companies",
        "updatedAt": "2026-08-22",
        "checkedAt": "2026-08-22",
        "checkStatus": "unchecked"
      }
    },
    {
      "type": "Feature",
      "geometry": {
        "type": "Point",
        "coordinates": [
          -122.401552,
          37.7908821
        ]
      },
      "properties": {
        "id": "sf-clearmetal",
        "name": "ClearMetal",
        "nameJa": "ClearMetal",
        "website": "http://www.clearmetal.com/",
        "address": "225 Bush St, San Francisco, CA 94104",
        "city": "San Francisco",
        "county": "San Francisco County",
        "entityType": "company",
        "japanConnection": "none",
        "scale": "startup",
        "industries": [
          "technology"
        ],
        "sourceUrl": "https://github.com/theShiva/sf-companies",
        "updatedAt": "2026-08-22",
        "checkedAt": "2026-08-22",
        "checkStatus": "unchecked"
      }
    },
    {
      "type": "Feature",
      "geometry": {
        "type": "Point",
        "coordinates": [
          -122.413882,
          37.776408
        ]
      },
      "properties": {
        "id": "sf-clever",
        "name": "Clever",
        "nameJa": "Clever",
        "website": "https://clever.com/",
        "address": "1263 Mission St, San Francisco CA 94103",
        "city": "San Francisco",
        "county": "San Francisco County",
        "entityType": "company",
        "japanConnection": "none",
        "scale": "startup",
        "industries": [
          "technology"
        ],
        "sourceUrl": "https://github.com/theShiva/sf-companies",
        "updatedAt": "2026-08-22",
        "checkedAt": "2026-08-22",
        "checkStatus": "unchecked"
      }
    },
    {
      "type": "Feature",
      "geometry": {
        "type": "Point",
        "coordinates": [
          -122.3998681,
          37.7850675
        ]
      },
      "properties": {
        "id": "sf-climate-corporation",
        "name": "Climate Corporation",
        "nameJa": "Climate Corporation",
        "website": "https://climate.com/",
        "address": "201 3rd St #1100, San Francisco, CA 94103",
        "city": "San Francisco",
        "county": "San Francisco County",
        "entityType": "company",
        "japanConnection": "none",
        "scale": "growth",
        "industries": [
          "technology"
        ],
        "sourceUrl": "https://github.com/theShiva/sf-companies",
        "updatedAt": "2026-08-22",
        "checkedAt": "2026-08-22",
        "checkStatus": "unchecked"
      }
    },
    {
      "type": "Feature",
      "geometry": {
        "type": "Point",
        "coordinates": [
          -122.4029443,
          37.7812785
        ]
      },
      "properties": {
        "id": "sf-cloud4wi",
        "name": "Cloud4Wi",
        "nameJa": "Cloud4Wi",
        "website": "https://cloud4wi.com/",
        "address": "363 Clementina St, San Francisco, CA 94103",
        "city": "San Francisco",
        "county": "San Francisco County",
        "entityType": "company",
        "japanConnection": "none",
        "scale": "growth",
        "industries": [
          "technology"
        ],
        "sourceUrl": "https://github.com/theShiva/sf-companies",
        "updatedAt": "2026-08-22",
        "checkedAt": "2026-08-22",
        "checkStatus": "unchecked"
      }
    },
    {
      "type": "Feature",
      "geometry": {
        "type": "Point",
        "coordinates": [
          -122.3905874,
          37.7802226
        ]
      },
      "properties": {
        "id": "sf-cloudflare",
        "name": "Cloudflare",
        "nameJa": "Cloudflare",
        "website": "https://www.cloudflare.com/",
        "address": "101 Townsend St, San Francisco, CA 94107",
        "city": "San Francisco",
        "county": "San Francisco County",
        "entityType": "company",
        "japanConnection": "none",
        "scale": "growth",
        "industries": [
          "technology"
        ],
        "sourceUrl": "https://github.com/theShiva/sf-companies",
        "updatedAt": "2026-08-22",
        "checkedAt": "2026-08-22",
        "checkStatus": "unchecked"
      }
    },
    {
      "type": "Feature",
      "geometry": {
        "type": "Point",
        "coordinates": [
          -122.4056141,
          37.7848142
        ]
      },
      "properties": {
        "id": "sf-clover-health",
        "name": "Clover Health",
        "nameJa": "Clover Health",
        "website": "https://www.cloverhealth.com/en/",
        "address": "22 4th St 6th floor, San Francisco, CA 94103",
        "city": "San Francisco",
        "county": "San Francisco County",
        "entityType": "company",
        "japanConnection": "none",
        "scale": "startup",
        "industries": [
          "technology"
        ],
        "sourceUrl": "https://github.com/theShiva/sf-companies",
        "updatedAt": "2026-08-22",
        "checkedAt": "2026-08-22",
        "checkStatus": "unchecked"
      }
    },
    {
      "type": "Feature",
      "geometry": {
        "type": "Point",
        "coordinates": [
          -122.4081468,
          37.7853325
        ]
      },
      "properties": {
        "id": "sf-coffee-meets-bagel",
        "name": "Coffee Meets Bagel",
        "nameJa": "Coffee Meets Bagel",
        "website": "https://coffeemeetsbagel.com/",
        "address": "111 Ellis St, San Francisco, CA 94105",
        "city": "San Francisco",
        "county": "San Francisco County",
        "entityType": "company",
        "japanConnection": "none",
        "scale": "startup",
        "industries": [
          "technology"
        ],
        "sourceUrl": "https://github.com/theShiva/sf-companies",
        "updatedAt": "2026-08-22",
        "checkedAt": "2026-08-22",
        "checkStatus": "unchecked"
      }
    },
    {
      "type": "Feature",
      "geometry": {
        "type": "Point",
        "coordinates": [
          -122.4008398,
          37.7900286
        ]
      },
      "properties": {
        "id": "sf-coinbase",
        "name": "Coinbase",
        "nameJa": "Coinbase",
        "website": "https://www.coinbase.com",
        "address": "548 Market St #23008, San Francisco, CA 94104",
        "city": "San Francisco",
        "county": "San Francisco County",
        "entityType": "company",
        "japanConnection": "none",
        "scale": "startup",
        "industries": [
          "technology"
        ],
        "sourceUrl": "https://github.com/theShiva/sf-companies",
        "updatedAt": "2026-08-22",
        "checkedAt": "2026-08-22",
        "checkStatus": "unchecked"
      }
    },
    {
      "type": "Feature",
      "geometry": {
        "type": "Point",
        "coordinates": [
          -122.397302,
          37.776105
        ]
      },
      "properties": {
        "id": "sf-collective-health",
        "name": "Collective Health",
        "nameJa": "Collective Health",
        "website": "https://collectivehealth.com/",
        "address": "85 Bluxome St, San Francisco, CA 94107",
        "city": "San Francisco",
        "county": "San Francisco County",
        "entityType": "company",
        "japanConnection": "none",
        "scale": "startup",
        "industries": [
          "technology"
        ],
        "sourceUrl": "https://github.com/theShiva/sf-companies",
        "updatedAt": "2026-08-22",
        "checkedAt": "2026-08-22",
        "checkStatus": "unchecked"
      }
    },
    {
      "type": "Feature",
      "geometry": {
        "type": "Point",
        "coordinates": [
          -122.3969659,
          37.8005386
        ]
      },
      "properties": {
        "id": "sf-creative-market",
        "name": "Creative Market",
        "nameJa": "Creative Market",
        "website": "https://creativemarket.com/",
        "address": "Pier 9 The Embarcadero, San Francisco, CA 94111",
        "city": "San Francisco",
        "county": "San Francisco County",
        "entityType": "company",
        "japanConnection": "none",
        "scale": "startup",
        "industries": [
          "technology"
        ],
        "sourceUrl": "https://github.com/theShiva/sf-companies",
        "updatedAt": "2026-08-22",
        "checkedAt": "2026-08-22",
        "checkStatus": "unchecked"
      }
    },
    {
      "type": "Feature",
      "geometry": {
        "type": "Point",
        "coordinates": [
          -122.3972472,
          37.787956
        ]
      },
      "properties": {
        "id": "sf-cricket-health",
        "name": "Cricket Health",
        "nameJa": "Cricket Health",
        "website": "https://crickethealth.com/",
        "address": "540 Howard St 2nd Floor, San Francisco, CA 94105",
        "city": "San Francisco",
        "county": "San Francisco County",
        "entityType": "company",
        "japanConnection": "none",
        "scale": "startup",
        "industries": [
          "technology"
        ],
        "sourceUrl": "https://github.com/theShiva/sf-companies",
        "updatedAt": "2026-08-22",
        "checkedAt": "2026-08-22",
        "checkStatus": "unchecked"
      }
    },
    {
      "type": "Feature",
      "geometry": {
        "type": "Point",
        "coordinates": [
          -122.4041712,
          37.790169
        ]
      },
      "properties": {
        "id": "sf-crowdcast",
        "name": "Crowdcast",
        "nameJa": "Crowdcast",
        "website": "https://www.crowdcast.io",
        "address": "221 Kearny St # 3, San Francisco, CA 94108",
        "city": "San Francisco",
        "county": "San Francisco County",
        "entityType": "company",
        "japanConnection": "none",
        "scale": "startup",
        "industries": [
          "technology"
        ],
        "sourceUrl": "https://github.com/theShiva/sf-companies",
        "updatedAt": "2026-08-22",
        "checkedAt": "2026-08-22",
        "checkStatus": "unchecked"
      }
    },
    {
      "type": "Feature",
      "geometry": {
        "type": "Point",
        "coordinates": [
          -122.419242,
          37.7630374
        ]
      },
      "properties": {
        "id": "sf-crowdflower",
        "name": "CrowdFlower",
        "nameJa": "CrowdFlower",
        "website": "https://www.crowdflower.com/",
        "address": "2111 Mission St #302, San Francisco, CA 94110",
        "city": "San Francisco",
        "county": "San Francisco County",
        "entityType": "company",
        "japanConnection": "none",
        "scale": "growth",
        "industries": [
          "technology"
        ],
        "sourceUrl": "https://github.com/theShiva/sf-companies",
        "updatedAt": "2026-08-22",
        "checkedAt": "2026-08-22",
        "checkStatus": "unchecked"
      }
    },
    {
      "type": "Feature",
      "geometry": {
        "type": "Point",
        "coordinates": [
          -122.4068553,
          37.7835346
        ]
      },
      "properties": {
        "id": "sf-crunchyroll",
        "name": "Crunchyroll",
        "nameJa": "Crunchyroll",
        "website": "http://www.crunchyroll.com/",
        "address": "835 Market St, San Francisco, CA 94103",
        "city": "San Francisco",
        "county": "San Francisco County",
        "entityType": "company",
        "japanConnection": "none",
        "scale": "growth",
        "industries": [
          "technology"
        ],
        "sourceUrl": "https://github.com/theShiva/sf-companies",
        "updatedAt": "2026-08-22",
        "checkedAt": "2026-08-22",
        "checkStatus": "unchecked"
      }
    },
    {
      "type": "Feature",
      "geometry": {
        "type": "Point",
        "coordinates": [
          -122.4033642,
          37.7824931
        ]
      },
      "properties": {
        "id": "sf-datafox",
        "name": "DataFox",
        "nameJa": "DataFox",
        "website": "https://www.datafox.com/",
        "address": "835 Howard St, San Francisco, CA 94103",
        "city": "San Francisco",
        "county": "San Francisco County",
        "entityType": "company",
        "japanConnection": "none",
        "scale": "startup",
        "industries": [
          "technology"
        ],
        "sourceUrl": "https://github.com/theShiva/sf-companies",
        "updatedAt": "2026-08-22",
        "checkedAt": "2026-08-22",
        "checkStatus": "unchecked"
      }
    },
    {
      "type": "Feature",
      "geometry": {
        "type": "Point",
        "coordinates": [
          -122.4003545,
          37.7934517
        ]
      },
      "properties": {
        "id": "sf-delivery-agent",
        "name": "Delivery Agent",
        "nameJa": "Delivery Agent",
        "website": "http://www.deliveryagent.com/",
        "address": "300 California St # 3, San Francisco, CA 94104",
        "city": "San Francisco",
        "county": "San Francisco County",
        "entityType": "company",
        "japanConnection": "none",
        "scale": "growth",
        "industries": [
          "technology"
        ],
        "sourceUrl": "https://github.com/theShiva/sf-companies",
        "updatedAt": "2026-08-22",
        "checkedAt": "2026-08-22",
        "checkStatus": "unchecked"
      }
    },
    {
      "type": "Feature",
      "geometry": {
        "type": "Point",
        "coordinates": [
          -122.3985641,
          37.7845584
        ]
      },
      "properties": {
        "id": "sf-demandbase",
        "name": "Demandbase",
        "nameJa": "Demandbase",
        "website": "https://www.demandbase.com/",
        "address": "680 Folsom St #400, San Francisco, CA 94107",
        "city": "San Francisco",
        "county": "San Francisco County",
        "entityType": "company",
        "japanConnection": "none",
        "scale": "growth",
        "industries": [
          "technology"
        ],
        "sourceUrl": "https://github.com/theShiva/sf-companies",
        "updatedAt": "2026-08-22",
        "checkedAt": "2026-08-22",
        "checkStatus": "unchecked"
      }
    },
    {
      "type": "Feature",
      "geometry": {
        "type": "Point",
        "coordinates": [
          -122.3942764,
          37.7895269
        ]
      },
      "properties": {
        "id": "sf-disqus",
        "name": "Disqus",
        "nameJa": "Disqus",
        "website": "https://disqus.com/",
        "address": "301 Howard St, San Francisco, CA 94105",
        "city": "San Francisco",
        "county": "San Francisco County",
        "entityType": "company",
        "japanConnection": "none",
        "scale": "growth",
        "industries": [
          "technology"
        ],
        "sourceUrl": "https://github.com/theShiva/sf-companies",
        "updatedAt": "2026-08-22",
        "checkedAt": "2026-08-22",
        "checkStatus": "unchecked"
      }
    },
    {
      "type": "Feature",
      "geometry": {
        "type": "Point",
        "coordinates": [
          -122.391987,
          37.7801509
        ]
      },
      "properties": {
        "id": "sf-docker",
        "name": "Docker",
        "nameJa": "Docker",
        "website": "https://www.docker.com/",
        "address": "144 Townsend St, San Francisco, CA 94107",
        "city": "San Francisco",
        "county": "San Francisco County",
        "entityType": "company",
        "japanConnection": "none",
        "scale": "startup",
        "industries": [
          "technology"
        ],
        "sourceUrl": "https://github.com/theShiva/sf-companies",
        "updatedAt": "2026-08-22",
        "checkedAt": "2026-08-22",
        "checkStatus": "unchecked"
      }
    },
    {
      "type": "Feature",
      "geometry": {
        "type": "Point",
        "coordinates": [
          -122.392177,
          37.7903443
        ]
      },
      "properties": {
        "id": "sf-docusign",
        "name": "Docusign",
        "nameJa": "Docusign",
        "website": "https://www.docusign.com/",
        "address": "221 Main St #1000, San Francisco, CA 94105",
        "city": "San Francisco",
        "county": "San Francisco County",
        "entityType": "company",
        "japanConnection": "none",
        "scale": "growth",
        "industries": [
          "technology"
        ],
        "sourceUrl": "https://github.com/theShiva/sf-companies",
        "updatedAt": "2026-08-22",
        "checkedAt": "2026-08-22",
        "checkStatus": "unchecked"
      }
    },
    {
      "type": "Feature",
      "geometry": {
        "type": "Point",
        "coordinates": [
          -122.4074,
          37.7717934
        ]
      },
      "properties": {
        "id": "sf-dronedeploy",
        "name": "DroneDeploy",
        "nameJa": "DroneDeploy",
        "website": "https://www.dronedeploy.com/",
        "address": "1045 Bryant St, San Francisco, CA 94103",
        "city": "San Francisco",
        "county": "San Francisco County",
        "entityType": "company",
        "japanConnection": "none",
        "scale": "startup",
        "industries": [
          "technology"
        ],
        "sourceUrl": "https://github.com/theShiva/sf-companies",
        "updatedAt": "2026-08-22",
        "checkedAt": "2026-08-22",
        "checkStatus": "unchecked"
      }
    },
    {
      "type": "Feature",
      "geometry": {
        "type": "Point",
        "coordinates": [
          -122.3924944,
          37.780811
        ]
      },
      "properties": {
        "id": "sf-dropbox",
        "name": "Dropbox",
        "nameJa": "Dropbox",
        "website": "https://www.dropbox.com",
        "address": "333 Brannan St, San Francisco, CA 94107",
        "city": "San Francisco",
        "county": "San Francisco County",
        "entityType": "company",
        "japanConnection": "none",
        "scale": "growth",
        "industries": [
          "technology"
        ],
        "sourceUrl": "https://github.com/theShiva/sf-companies",
        "updatedAt": "2026-08-22",
        "checkedAt": "2026-08-22",
        "checkStatus": "unchecked"
      }
    },
    {
      "type": "Feature",
      "geometry": {
        "type": "Point",
        "coordinates": [
          -122.400593,
          37.7914805
        ]
      },
      "properties": {
        "id": "sf-duncan-channon",
        "name": "Duncan Channon",
        "nameJa": "Duncan Channon",
        "website": "http://www.duncanchannon.com/",
        "address": "114 Sansome St, San Francisco, CA 94104",
        "city": "San Francisco",
        "county": "San Francisco County",
        "entityType": "company",
        "japanConnection": "none",
        "scale": "growth",
        "industries": [
          "technology"
        ],
        "sourceUrl": "https://github.com/theShiva/sf-companies",
        "updatedAt": "2026-08-22",
        "checkedAt": "2026-08-22",
        "checkStatus": "unchecked"
      }
    },
    {
      "type": "Feature",
      "geometry": {
        "type": "Point",
        "coordinates": [
          -122.4175626,
          37.7752278
        ]
      },
      "properties": {
        "id": "sf-earnest",
        "name": "Earnest",
        "nameJa": "Earnest",
        "website": "https://www.earnest.com/",
        "address": "1455 Market Street 18th Floor, San Francisco, CA 94103",
        "city": "San Francisco",
        "county": "San Francisco County",
        "entityType": "company",
        "japanConnection": "none",
        "scale": "startup",
        "industries": [
          "technology"
        ],
        "sourceUrl": "https://github.com/theShiva/sf-companies",
        "updatedAt": "2026-08-22",
        "checkedAt": "2026-08-22",
        "checkStatus": "unchecked"
      }
    },
    {
      "type": "Feature",
      "geometry": {
        "type": "Point",
        "coordinates": [
          -122.4032279,
          37.7933978
        ]
      },
      "properties": {
        "id": "sf-easypost",
        "name": "Easypost",
        "nameJa": "Easypost",
        "website": "https://www.easypost.com",
        "address": "417 Montgomery St, San Francisco, CA 94104",
        "city": "San Francisco",
        "county": "San Francisco County",
        "entityType": "company",
        "japanConnection": "none",
        "scale": "startup",
        "industries": [
          "technology"
        ],
        "sourceUrl": "https://github.com/theShiva/sf-companies",
        "updatedAt": "2026-08-22",
        "checkedAt": "2026-08-22",
        "checkStatus": "unchecked"
      }
    },
    {
      "type": "Feature",
      "geometry": {
        "type": "Point",
        "coordinates": [
          -122.405153,
          37.77714
        ]
      },
      "properties": {
        "id": "sf-eat-club",
        "name": "Eat Club",
        "nameJa": "Eat Club",
        "website": "https://www.eatclub.com/",
        "address": "75 Columbia Square, San Francisco, CA 94103",
        "city": "San Francisco",
        "county": "San Francisco County",
        "entityType": "company",
        "japanConnection": "none",
        "scale": "startup",
        "industries": [
          "technology"
        ],
        "sourceUrl": "https://github.com/theShiva/sf-companies",
        "updatedAt": "2026-08-22",
        "checkedAt": "2026-08-22",
        "checkStatus": "unchecked"
      }
    },
    {
      "type": "Feature",
      "geometry": {
        "type": "Point",
        "coordinates": [
          -122.4194155,
          37.7749295
        ]
      },
      "properties": {
        "id": "sf-eatsa",
        "name": "Eatsa",
        "nameJa": "Eatsa",
        "website": "https://www.eatsa.com/",
        "address": "San Francisco",
        "city": "San Francisco",
        "county": "San Francisco County",
        "entityType": "company",
        "japanConnection": "none",
        "scale": "startup",
        "industries": [
          "technology"
        ],
        "sourceUrl": "https://github.com/theShiva/sf-companies",
        "updatedAt": "2026-08-22",
        "checkedAt": "2026-08-22",
        "checkStatus": "unchecked"
      }
    },
    {
      "type": "Feature",
      "geometry": {
        "type": "Point",
        "coordinates": [
          -122.3967349,
          37.7884892
        ]
      },
      "properties": {
        "id": "sf-eero",
        "name": "Eero",
        "nameJa": "Eero",
        "website": "https://eero.com/",
        "address": "500 Howard St #900, San Francisco, CA 94105",
        "city": "San Francisco",
        "county": "San Francisco County",
        "entityType": "company",
        "japanConnection": "none",
        "scale": "startup",
        "industries": [
          "technology"
        ],
        "sourceUrl": "https://github.com/theShiva/sf-companies",
        "updatedAt": "2026-08-22",
        "checkedAt": "2026-08-22",
        "checkStatus": "unchecked"
      }
    },
    {
      "type": "Feature",
      "geometry": {
        "type": "Point",
        "coordinates": [
          -122.3986579,
          37.7869068
        ]
      },
      "properties": {
        "id": "sf-ensilo",
        "name": "enSilo",
        "nameJa": "enSilo",
        "website": "https://www.ensilo.com/",
        "address": "182 Second Street Suite 210, San Francisco, CA 94105",
        "city": "San Francisco",
        "county": "San Francisco County",
        "entityType": "company",
        "japanConnection": "none",
        "scale": "startup",
        "industries": [
          "technology"
        ],
        "sourceUrl": "https://github.com/theShiva/sf-companies",
        "updatedAt": "2026-08-22",
        "checkedAt": "2026-08-22",
        "checkStatus": "unchecked"
      }
    },
    {
      "type": "Feature",
      "geometry": {
        "type": "Point",
        "coordinates": [
          -122.3944315,
          37.7918328
        ]
      },
      "properties": {
        "id": "sf-entelo",
        "name": "Entelo",
        "nameJa": "Entelo",
        "website": "https://www.entelo.com/",
        "address": "123 Mission St #2400, San Francisco, CA 94105",
        "city": "San Francisco",
        "county": "San Francisco County",
        "entityType": "company",
        "japanConnection": "none",
        "scale": "startup",
        "industries": [
          "technology"
        ],
        "sourceUrl": "https://github.com/theShiva/sf-companies",
        "updatedAt": "2026-08-22",
        "checkedAt": "2026-08-22",
        "checkStatus": "unchecked"
      }
    },
    {
      "type": "Feature",
      "geometry": {
        "type": "Point",
        "coordinates": [
          -122.3957053,
          37.7817523
        ]
      },
      "properties": {
        "id": "sf-envoy",
        "name": "Envoy",
        "nameJa": "Envoy",
        "website": "https://envoy.com/",
        "address": "488 Bryant St, San Francisco, CA 94107",
        "city": "San Francisco",
        "county": "San Francisco County",
        "entityType": "company",
        "japanConnection": "none",
        "scale": "startup",
        "industries": [
          "technology"
        ],
        "sourceUrl": "https://github.com/theShiva/sf-companies",
        "updatedAt": "2026-08-22",
        "checkedAt": "2026-08-22",
        "checkStatus": "unchecked"
      }
    },
    {
      "type": "Feature",
      "geometry": {
        "type": "Point",
        "coordinates": [
          -122.4052253,
          37.7823802
        ]
      },
      "properties": {
        "id": "sf-eventbrite",
        "name": "Eventbrite",
        "nameJa": "Eventbrite",
        "website": "https://www.eventbrite.com",
        "address": "155 5th St, San Francisco, CA 94103",
        "city": "San Francisco",
        "county": "San Francisco County",
        "entityType": "company",
        "japanConnection": "none",
        "scale": "growth",
        "industries": [
          "technology"
        ],
        "sourceUrl": "https://github.com/theShiva/sf-companies",
        "updatedAt": "2026-08-22",
        "checkedAt": "2026-08-22",
        "checkStatus": "unchecked"
      }
    },
    {
      "type": "Feature",
      "geometry": {
        "type": "Point",
        "coordinates": [
          -122.403332,
          37.788693
        ]
      },
      "properties": {
        "id": "sf-expensify",
        "name": "Expensify",
        "nameJa": "Expensify",
        "website": "https://use.expensify.com/",
        "address": "88 Kearny St, San Francisco, CA 94108",
        "city": "San Francisco",
        "county": "San Francisco County",
        "entityType": "company",
        "japanConnection": "none",
        "scale": "growth",
        "industries": [
          "technology"
        ],
        "sourceUrl": "https://github.com/theShiva/sf-companies",
        "updatedAt": "2026-08-22",
        "checkedAt": "2026-08-22",
        "checkStatus": "unchecked"
      }
    },
    {
      "type": "Feature",
      "geometry": {
        "type": "Point",
        "coordinates": [
          -122.400951,
          37.7938121
        ]
      },
      "properties": {
        "id": "sf-extole",
        "name": "Extole",
        "nameJa": "Extole",
        "website": "https://www.extole.com/",
        "address": "350 Sansome St #700, San Francisco, CA 94104",
        "city": "San Francisco",
        "county": "San Francisco County",
        "entityType": "company",
        "japanConnection": "none",
        "scale": "growth",
        "industries": [
          "technology"
        ],
        "sourceUrl": "https://github.com/theShiva/sf-companies",
        "updatedAt": "2026-08-22",
        "checkedAt": "2026-08-22",
        "checkStatus": "unchecked"
      }
    },
    {
      "type": "Feature",
      "geometry": {
        "type": "Point",
        "coordinates": [
          -122.3947812,
          37.7898733
        ]
      },
      "properties": {
        "id": "sf-fitbit",
        "name": "FitBit",
        "nameJa": "FitBit",
        "website": "https://www.fitbit.com/home",
        "address": "199 Fremont St, San Francisco, CA 94105",
        "city": "San Francisco",
        "county": "San Francisco County",
        "entityType": "company",
        "japanConnection": "none",
        "scale": "growth",
        "industries": [
          "technology"
        ],
        "sourceUrl": "https://github.com/theShiva/sf-companies",
        "updatedAt": "2026-08-22",
        "checkedAt": "2026-08-22",
        "checkStatus": "unchecked"
      }
    },
    {
      "type": "Feature",
      "geometry": {
        "type": "Point",
        "coordinates": [
          -122.4053854,
          37.7865285
        ]
      },
      "properties": {
        "id": "sf-flexport",
        "name": "Flexport",
        "nameJa": "Flexport",
        "website": "https://www.flexport.com/",
        "address": "760 Market St, San Francisco, CA 94102",
        "city": "San Francisco",
        "county": "San Francisco County",
        "entityType": "company",
        "japanConnection": "none",
        "scale": "startup",
        "industries": [
          "technology"
        ],
        "sourceUrl": "https://github.com/theShiva/sf-companies",
        "updatedAt": "2026-08-22",
        "checkedAt": "2026-08-22",
        "checkStatus": "unchecked"
      }
    },
    {
      "type": "Feature",
      "geometry": {
        "type": "Point",
        "coordinates": [
          -122.4012726,
          37.7885853
        ]
      },
      "properties": {
        "id": "sf-fond",
        "name": "Fond",
        "nameJa": "Fond",
        "website": "https://fond.co/",
        "address": "33 New Montgomery St #700, San Francisco, CA 94105",
        "city": "San Francisco",
        "county": "San Francisco County",
        "entityType": "company",
        "japanConnection": "none",
        "scale": "startup",
        "industries": [
          "technology"
        ],
        "sourceUrl": "https://github.com/theShiva/sf-companies",
        "updatedAt": "2026-08-22",
        "checkedAt": "2026-08-22",
        "checkStatus": "unchecked"
      }
    },
    {
      "type": "Feature",
      "geometry": {
        "type": "Point",
        "coordinates": [
          -122.4194155,
          37.7749295
        ]
      },
      "properties": {
        "id": "sf-forkable",
        "name": "Forkable",
        "nameJa": "Forkable",
        "website": "https://forkable.com/",
        "address": "San Francisco",
        "city": "San Francisco",
        "county": "San Francisco County",
        "entityType": "company",
        "japanConnection": "none",
        "scale": "startup",
        "industries": [
          "technology"
        ],
        "sourceUrl": "https://github.com/theShiva/sf-companies",
        "updatedAt": "2026-08-22",
        "checkedAt": "2026-08-22",
        "checkStatus": "unchecked"
      }
    },
    {
      "type": "Feature",
      "geometry": {
        "type": "Point",
        "coordinates": [
          -122.4036451,
          37.7900385
        ]
      },
      "properties": {
        "id": "sf-forward",
        "name": "Forward",
        "nameJa": "Forward",
        "website": "https://goforward.com/",
        "address": "180 Sutter St, San Francisco, CA 94104",
        "city": "San Francisco",
        "county": "San Francisco County",
        "entityType": "company",
        "japanConnection": "none",
        "scale": "startup",
        "industries": [
          "technology"
        ],
        "sourceUrl": "https://github.com/theShiva/sf-companies",
        "updatedAt": "2026-08-22",
        "checkedAt": "2026-08-22",
        "checkStatus": "unchecked"
      }
    },
    {
      "type": "Feature",
      "geometry": {
        "type": "Point",
        "coordinates": [
          -122.4067089,
          37.78451
        ]
      },
      "properties": {
        "id": "sf-fossa",
        "name": "Fossa",
        "nameJa": "Fossa",
        "website": "https://www.fossa.io/",
        "address": "845 Market St Suite #450A, San Francisco, CA 94103",
        "city": "San Francisco",
        "county": "San Francisco County",
        "entityType": "company",
        "japanConnection": "none",
        "scale": "startup",
        "industries": [
          "technology"
        ],
        "sourceUrl": "https://github.com/theShiva/sf-companies",
        "updatedAt": "2026-08-22",
        "checkedAt": "2026-08-22",
        "checkStatus": "unchecked"
      }
    },
    {
      "type": "Feature",
      "geometry": {
        "type": "Point",
        "coordinates": [
          -122.402219,
          37.7924422
        ]
      },
      "properties": {
        "id": "sf-fundbox",
        "name": "Fundbox",
        "nameJa": "Fundbox",
        "website": "https://fundbox.com/",
        "address": "300 Montgomery St, San Francisco, CA 94104",
        "city": "San Francisco",
        "county": "San Francisco County",
        "entityType": "company",
        "japanConnection": "none",
        "scale": "startup",
        "industries": [
          "technology"
        ],
        "sourceUrl": "https://github.com/theShiva/sf-companies",
        "updatedAt": "2026-08-22",
        "checkedAt": "2026-08-22",
        "checkStatus": "unchecked"
      }
    },
    {
      "type": "Feature",
      "geometry": {
        "type": "Point",
        "coordinates": [
          -122.3880977,
          37.760272
        ]
      },
      "properties": {
        "id": "sf-fundersclub",
        "name": "FundersClub",
        "nameJa": "FundersClub",
        "website": "https://fundersclub.com/",
        "address": "2325 3rd St. San Francisco CA 94107",
        "city": "San Francisco",
        "county": "San Francisco County",
        "entityType": "company",
        "japanConnection": "none",
        "scale": "startup",
        "industries": [
          "technology"
        ],
        "sourceUrl": "https://github.com/theShiva/sf-companies",
        "updatedAt": "2026-08-22",
        "checkedAt": "2026-08-22",
        "checkStatus": "unchecked"
      }
    },
    {
      "type": "Feature",
      "geometry": {
        "type": "Point",
        "coordinates": [
          -122.3966428,
          37.7876012
        ]
      },
      "properties": {
        "id": "sf-galvanize",
        "name": "Galvanize",
        "nameJa": "Galvanize",
        "website": "https://www.galvanize.com/san-francisco",
        "address": "44 Tehama St, San Francisco, CA 94105",
        "city": "San Francisco",
        "county": "San Francisco County",
        "entityType": "company",
        "japanConnection": "none",
        "scale": "startup",
        "industries": [
          "technology"
        ],
        "sourceUrl": "https://github.com/theShiva/sf-companies",
        "updatedAt": "2026-08-22",
        "checkedAt": "2026-08-22",
        "checkStatus": "unchecked"
      }
    },
    {
      "type": "Feature",
      "geometry": {
        "type": "Point",
        "coordinates": [
          -122.401552,
          37.7908821
        ]
      },
      "properties": {
        "id": "sf-general-assembly",
        "name": "General Assembly",
        "nameJa": "General Assembly",
        "website": "https://generalassemb.ly/locations/san-francisco",
        "address": "225 Bush St, San Francisco, CA 94104",
        "city": "San Francisco",
        "county": "San Francisco County",
        "entityType": "company",
        "japanConnection": "none",
        "scale": "startup",
        "industries": [
          "technology"
        ],
        "sourceUrl": "https://github.com/theShiva/sf-companies",
        "updatedAt": "2026-08-22",
        "checkedAt": "2026-08-22",
        "checkStatus": "unchecked"
      }
    },
    {
      "type": "Feature",
      "geometry": {
        "type": "Point",
        "coordinates": [
          -122.4076599,
          37.7741302
        ]
      },
      "properties": {
        "id": "sf-getaround",
        "name": "Getaround",
        "nameJa": "Getaround",
        "website": "https://www.getaround.com/",
        "address": "1177 Harrison St, San Francisco, CA 94103",
        "city": "San Francisco",
        "county": "San Francisco County",
        "entityType": "company",
        "japanConnection": "none",
        "scale": "growth",
        "industries": [
          "technology"
        ],
        "sourceUrl": "https://github.com/theShiva/sf-companies",
        "updatedAt": "2026-08-22",
        "checkedAt": "2026-08-22",
        "checkStatus": "unchecked"
      }
    },
    {
      "type": "Feature",
      "geometry": {
        "type": "Point",
        "coordinates": [
          -122.39582,
          37.7808405
        ]
      },
      "properties": {
        "id": "sf-gigster",
        "name": "Gigster",
        "nameJa": "Gigster",
        "website": "https://gigster.com/",
        "address": "500 3rd St #245, San Francisco, CA 94107",
        "city": "San Francisco",
        "county": "San Francisco County",
        "entityType": "company",
        "japanConnection": "none",
        "scale": "startup",
        "industries": [
          "technology"
        ],
        "sourceUrl": "https://github.com/theShiva/sf-companies",
        "updatedAt": "2026-08-22",
        "checkedAt": "2026-08-22",
        "checkStatus": "unchecked"
      }
    },
    {
      "type": "Feature",
      "geometry": {
        "type": "Point",
        "coordinates": [
          -122.4194155,
          37.7749295
        ]
      },
      "properties": {
        "id": "sf-givecampus",
        "name": "Givecampus",
        "nameJa": "Givecampus",
        "website": "https://www.givecampus.com/",
        "address": "San Francisco",
        "city": "San Francisco",
        "county": "San Francisco County",
        "entityType": "company",
        "japanConnection": "none",
        "scale": "startup",
        "industries": [
          "technology"
        ],
        "sourceUrl": "https://github.com/theShiva/sf-companies",
        "updatedAt": "2026-08-22",
        "checkedAt": "2026-08-22",
        "checkStatus": "unchecked"
      }
    },
    {
      "type": "Feature",
      "geometry": {
        "type": "Point",
        "coordinates": [
          -122.4065413,
          37.7926643
        ]
      },
      "properties": {
        "id": "sf-goodby-silverstein-partners",
        "name": "Goodby Silverstein & Partners",
        "nameJa": "Goodby Silverstein & Partners",
        "website": "https://goodbysilverstein.com/",
        "address": "720 California Street, San Francisco, CA 94108",
        "city": "San Francisco",
        "county": "San Francisco County",
        "entityType": "company",
        "japanConnection": "none",
        "scale": "growth",
        "industries": [
          "technology"
        ],
        "sourceUrl": "https://github.com/theShiva/sf-companies",
        "updatedAt": "2026-08-22",
        "checkedAt": "2026-08-22",
        "checkStatus": "unchecked"
      }
    },
    {
      "type": "Feature",
      "geometry": {
        "type": "Point",
        "coordinates": [
          -122.3920731,
          37.7838356
        ]
      },
      "properties": {
        "id": "sf-groove-labs",
        "name": "Groove Labs",
        "nameJa": "Groove Labs",
        "website": "http://www.groove.co/",
        "address": "333 Bryant St, San Francisco, CA 94107",
        "city": "San Francisco",
        "county": "San Francisco County",
        "entityType": "company",
        "japanConnection": "none",
        "scale": "startup",
        "industries": [
          "technology"
        ],
        "sourceUrl": "https://github.com/theShiva/sf-companies",
        "updatedAt": "2026-08-22",
        "checkedAt": "2026-08-22",
        "checkStatus": "unchecked"
      }
    },
    {
      "type": "Feature",
      "geometry": {
        "type": "Point",
        "coordinates": [
          -122.3966428,
          37.7876012
        ]
      },
      "properties": {
        "id": "sf-growthx",
        "name": "GrowthX",
        "nameJa": "GrowthX",
        "website": "https://growthx.com/",
        "address": "44 Tehama St, San Francisco, CA 94105",
        "city": "San Francisco",
        "county": "San Francisco County",
        "entityType": "company",
        "japanConnection": "none",
        "scale": "startup",
        "industries": [
          "technology"
        ],
        "sourceUrl": "https://github.com/theShiva/sf-companies",
        "updatedAt": "2026-08-22",
        "checkedAt": "2026-08-22",
        "checkStatus": "unchecked"
      }
    },
    {
      "type": "Feature",
      "geometry": {
        "type": "Point",
        "coordinates": [
          -122.4220504,
          37.7694496
        ]
      },
      "properties": {
        "id": "sf-gumroad",
        "name": "Gumroad",
        "nameJa": "Gumroad",
        "website": "https://gumroad.com/",
        "address": "225 Valencia St a, San Francisco, CA 94103",
        "city": "San Francisco",
        "county": "San Francisco County",
        "entityType": "company",
        "japanConnection": "none",
        "scale": "startup",
        "industries": [
          "technology"
        ],
        "sourceUrl": "https://github.com/theShiva/sf-companies",
        "updatedAt": "2026-08-22",
        "checkedAt": "2026-08-22",
        "checkStatus": "unchecked"
      }
    },
    {
      "type": "Feature",
      "geometry": {
        "type": "Point",
        "coordinates": [
          -122.39582,
          37.7808405
        ]
      },
      "properties": {
        "id": "sf-gusto",
        "name": "Gusto",
        "nameJa": "Gusto",
        "website": "https://gusto.com/",
        "address": "500 Third St, Suite 405, San Francisco, CA 94107",
        "city": "San Francisco",
        "county": "San Francisco County",
        "entityType": "company",
        "japanConnection": "none",
        "scale": "startup",
        "industries": [
          "technology"
        ],
        "sourceUrl": "https://github.com/theShiva/sf-companies",
        "updatedAt": "2026-08-22",
        "checkedAt": "2026-08-22",
        "checkStatus": "unchecked"
      }
    },
    {
      "type": "Feature",
      "geometry": {
        "type": "Point",
        "coordinates": [
          -122.4089664,
          37.7836966
        ]
      },
      "properties": {
        "id": "sf-hack-reactor",
        "name": "Hack Reactor",
        "nameJa": "Hack Reactor",
        "website": "https://www.hackreactor.com/",
        "address": "944 Market Street 8th Floor, San Francisco, CA 94102",
        "city": "San Francisco",
        "county": "San Francisco County",
        "entityType": "company",
        "japanConnection": "none",
        "scale": "startup",
        "industries": [
          "technology"
        ],
        "sourceUrl": "https://github.com/theShiva/sf-companies",
        "updatedAt": "2026-08-22",
        "checkedAt": "2026-08-22",
        "checkStatus": "unchecked"
      }
    },
    {
      "type": "Feature",
      "geometry": {
        "type": "Point",
        "coordinates": [
          -122.4194155,
          37.7749295
        ]
      },
      "properties": {
        "id": "sf-hammerhead",
        "name": "Hammerhead",
        "nameJa": "Hammerhead",
        "website": "https://www.hammerhead.io/",
        "address": "San Francisco",
        "city": "San Francisco",
        "county": "San Francisco County",
        "entityType": "company",
        "japanConnection": "none",
        "scale": "startup",
        "industries": [
          "technology"
        ],
        "sourceUrl": "https://github.com/theShiva/sf-companies",
        "updatedAt": "2026-08-22",
        "checkedAt": "2026-08-22",
        "checkStatus": "unchecked"
      }
    },
    {
      "type": "Feature",
      "geometry": {
        "type": "Point",
        "coordinates": [
          -122.4037135,
          37.7882637
        ]
      },
      "properties": {
        "id": "sf-haven",
        "name": "Haven",
        "nameJa": "Haven",
        "website": "https://haveninc.com/",
        "address": "25 Kearny St. Suite 304, San Francisco, CA 94108",
        "city": "San Francisco",
        "county": "San Francisco County",
        "entityType": "company",
        "japanConnection": "none",
        "scale": "startup",
        "industries": [
          "technology"
        ],
        "sourceUrl": "https://github.com/theShiva/sf-companies",
        "updatedAt": "2026-08-22",
        "checkedAt": "2026-08-22",
        "checkStatus": "unchecked"
      }
    },
    {
      "type": "Feature",
      "geometry": {
        "type": "Point",
        "coordinates": [
          -122.3952986,
          37.7822101
        ]
      },
      "properties": {
        "id": "sf-heap",
        "name": "Heap",
        "nameJa": "Heap",
        "website": "https://heapanalytics.com/",
        "address": "460 Bryant Street, 3rd floor, San Francisco, CA 94107",
        "city": "San Francisco",
        "county": "San Francisco County",
        "entityType": "company",
        "japanConnection": "none",
        "scale": "startup",
        "industries": [
          "technology"
        ],
        "sourceUrl": "https://github.com/theShiva/sf-companies",
        "updatedAt": "2026-08-22",
        "checkedAt": "2026-08-22",
        "checkStatus": "unchecked"
      }
    },
    {
      "type": "Feature",
      "geometry": {
        "type": "Point",
        "coordinates": [
          -122.3942764,
          37.7895269
        ]
      },
      "properties": {
        "id": "sf-hellosign",
        "name": "HelloSign",
        "nameJa": "HelloSign",
        "website": "https://www.hellosign.com/",
        "address": "301 Howard St, San Francisco, CA 94105",
        "city": "San Francisco",
        "county": "San Francisco County",
        "entityType": "company",
        "japanConnection": "none",
        "scale": "startup",
        "industries": [
          "technology"
        ],
        "sourceUrl": "https://github.com/theShiva/sf-companies",
        "updatedAt": "2026-08-22",
        "checkedAt": "2026-08-22",
        "checkStatus": "unchecked"
      }
    },
    {
      "type": "Feature",
      "geometry": {
        "type": "Point",
        "coordinates": [
          -122.3999468,
          37.7914786
        ]
      },
      "properties": {
        "id": "sf-helpshift",
        "name": "Helpshift",
        "nameJa": "Helpshift",
        "website": "https://www.helpshift.com/",
        "address": "100 Bush St #950, San Francisco, CA 94104",
        "city": "San Francisco",
        "county": "San Francisco County",
        "entityType": "company",
        "japanConnection": "none",
        "scale": "startup",
        "industries": [
          "technology"
        ],
        "sourceUrl": "https://github.com/theShiva/sf-companies",
        "updatedAt": "2026-08-22",
        "checkedAt": "2026-08-22",
        "checkStatus": "unchecked"
      }
    },
    {
      "type": "Feature",
      "geometry": {
        "type": "Point",
        "coordinates": [
          -122.3956934,
          37.7852332
        ]
      },
      "properties": {
        "id": "sf-hired",
        "name": "Hired",
        "nameJa": "Hired",
        "website": "https://hired.com/",
        "address": "303 2nd St #600, San Francisco, CA 94103",
        "city": "San Francisco",
        "county": "San Francisco County",
        "entityType": "company",
        "japanConnection": "none",
        "scale": "startup",
        "industries": [
          "technology"
        ],
        "sourceUrl": "https://github.com/theShiva/sf-companies",
        "updatedAt": "2026-08-22",
        "checkedAt": "2026-08-22",
        "checkStatus": "unchecked"
      }
    },
    {
      "type": "Feature",
      "geometry": {
        "type": "Point",
        "coordinates": [
          -122.399368,
          37.792085
        ]
      },
      "properties": {
        "id": "sf-holberton-school",
        "name": "Holberton School",
        "nameJa": "Holberton School",
        "website": "https://www.holbertonschool.com/",
        "address": "98 Battery Street #402, San Francisco, CA 94111",
        "city": "San Francisco",
        "county": "San Francisco County",
        "entityType": "company",
        "japanConnection": "none",
        "scale": "startup",
        "industries": [
          "technology"
        ],
        "sourceUrl": "https://github.com/theShiva/sf-companies",
        "updatedAt": "2026-08-22",
        "checkedAt": "2026-08-22",
        "checkStatus": "unchecked"
      }
    },
    {
      "type": "Feature",
      "geometry": {
        "type": "Point",
        "coordinates": [
          -122.412322,
          37.7583352
        ]
      },
      "properties": {
        "id": "sf-hoodline",
        "name": "Hoodline",
        "nameJa": "Hoodline",
        "website": "https://hoodline.com",
        "address": "2419 Harrison St., Ste. 300, San Francisco, CA 94110",
        "city": "San Francisco",
        "county": "San Francisco County",
        "entityType": "company",
        "japanConnection": "none",
        "scale": "startup",
        "industries": [
          "technology"
        ],
        "sourceUrl": "https://github.com/theShiva/sf-companies",
        "updatedAt": "2026-08-22",
        "checkedAt": "2026-08-22",
        "checkStatus": "unchecked"
      }
    },
    {
      "type": "Feature",
      "geometry": {
        "type": "Point",
        "coordinates": [
          -122.394973,
          37.7980305
        ]
      },
      "properties": {
        "id": "sf-hornblower-cruises",
        "name": "Hornblower Cruises",
        "nameJa": "Hornblower Cruises",
        "website": "https://www.hornblower.com/",
        "address": "Pier 3 The Embarcadero, San Francisco, CA 94111",
        "city": "San Francisco",
        "county": "San Francisco County",
        "entityType": "company",
        "japanConnection": "none",
        "scale": "growth",
        "industries": [
          "technology"
        ],
        "sourceUrl": "https://github.com/theShiva/sf-companies",
        "updatedAt": "2026-08-22",
        "checkedAt": "2026-08-22",
        "checkStatus": "unchecked"
      }
    },
    {
      "type": "Feature",
      "geometry": {
        "type": "Point",
        "coordinates": [
          -122.4080376,
          37.7834364
        ]
      },
      "properties": {
        "id": "sf-hoteltonight",
        "name": "HotelTonight",
        "nameJa": "HotelTonight",
        "website": "https://www.hoteltonight.com/",
        "address": "901 Market St #310, San Francisco, CA 94103",
        "city": "San Francisco",
        "county": "San Francisco County",
        "entityType": "company",
        "japanConnection": "none",
        "scale": "startup",
        "industries": [
          "technology"
        ],
        "sourceUrl": "https://github.com/theShiva/sf-companies",
        "updatedAt": "2026-08-22",
        "checkedAt": "2026-08-22",
        "checkStatus": "unchecked"
      }
    },
    {
      "type": "Feature",
      "geometry": {
        "type": "Point",
        "coordinates": [
          -122.3980914,
          37.7888898
        ]
      },
      "properties": {
        "id": "sf-hotpads",
        "name": "HotPads",
        "nameJa": "HotPads",
        "website": "https://hotpads.com/",
        "address": "535 Mission Street Suite 700, San Francisco, CA 94105",
        "city": "San Francisco",
        "county": "San Francisco County",
        "entityType": "company",
        "japanConnection": "none",
        "scale": "growth",
        "industries": [
          "technology"
        ],
        "sourceUrl": "https://github.com/theShiva/sf-companies",
        "updatedAt": "2026-08-22",
        "checkedAt": "2026-08-22",
        "checkStatus": "unchecked"
      }
    },
    {
      "type": "Feature",
      "geometry": {
        "type": "Point",
        "coordinates": [
          -122.3985351,
          37.7885644
        ]
      },
      "properties": {
        "id": "sf-hotschedules",
        "name": "HotSchedules",
        "nameJa": "HotSchedules",
        "website": "https://www.hotschedules.com",
        "address": "555 Mission Street Ste. 3350, San Francisco, CA 94105",
        "city": "San Francisco",
        "county": "San Francisco County",
        "entityType": "company",
        "japanConnection": "none",
        "scale": "growth",
        "industries": [
          "technology"
        ],
        "sourceUrl": "https://github.com/theShiva/sf-companies",
        "updatedAt": "2026-08-22",
        "checkedAt": "2026-08-22",
        "checkStatus": "unchecked"
      }
    },
    {
      "type": "Feature",
      "geometry": {
        "type": "Point",
        "coordinates": [
          -122.4042317,
          37.7905039
        ]
      },
      "properties": {
        "id": "sf-hustle-inc",
        "name": "Hustle Inc",
        "nameJa": "Hustle Inc",
        "website": "https://hustle.com/",
        "address": "251 Kearny St #300, San Francisco, CA 94108",
        "city": "San Francisco",
        "county": "San Francisco County",
        "entityType": "company",
        "japanConnection": "none",
        "scale": "startup",
        "industries": [
          "technology"
        ],
        "sourceUrl": "https://github.com/theShiva/sf-companies",
        "updatedAt": "2026-08-22",
        "checkedAt": "2026-08-22",
        "checkStatus": "unchecked"
      }
    },
    {
      "type": "Feature",
      "geometry": {
        "type": "Point",
        "coordinates": [
          -122.4043477,
          37.7932696
        ]
      },
      "properties": {
        "id": "sf-icrossing",
        "name": "iCrossing",
        "nameJa": "iCrossing",
        "website": "http://www.icrossing.com/",
        "address": "550 Kearny Street 4th Floor, San Francisco, CA 94108",
        "city": "San Francisco",
        "county": "San Francisco County",
        "entityType": "company",
        "japanConnection": "none",
        "scale": "growth",
        "industries": [
          "technology"
        ],
        "sourceUrl": "https://github.com/theShiva/sf-companies",
        "updatedAt": "2026-08-22",
        "checkedAt": "2026-08-22",
        "checkStatus": "unchecked"
      }
    },
    {
      "type": "Feature",
      "geometry": {
        "type": "Point",
        "coordinates": [
          -122.3873572,
          37.788464
        ]
      },
      "properties": {
        "id": "sf-ideo",
        "name": "Ideo",
        "nameJa": "Ideo",
        "website": "https://www.ideo.com/",
        "address": "501 The Embarcadero Pier 28 Annex, San Francisco, CA 94105",
        "city": "San Francisco",
        "county": "San Francisco County",
        "entityType": "company",
        "japanConnection": "none",
        "scale": "growth",
        "industries": [
          "technology"
        ],
        "sourceUrl": "https://github.com/theShiva/sf-companies",
        "updatedAt": "2026-08-22",
        "checkedAt": "2026-08-22",
        "checkStatus": "unchecked"
      }
    },
    {
      "type": "Feature",
      "geometry": {
        "type": "Point",
        "coordinates": [
          -122.3910597,
          37.7816955
        ]
      },
      "properties": {
        "id": "sf-ign-entertainment",
        "name": "IGN Entertainment",
        "nameJa": "IGN Entertainment",
        "website": "http://corp.ign.com/",
        "address": "625 2nd St, San Francisco, CA 94107",
        "city": "San Francisco",
        "county": "San Francisco County",
        "entityType": "company",
        "japanConnection": "none",
        "scale": "growth",
        "industries": [
          "technology"
        ],
        "sourceUrl": "https://github.com/theShiva/sf-companies",
        "updatedAt": "2026-08-22",
        "checkedAt": "2026-08-22",
        "checkStatus": "unchecked"
      }
    },
    {
      "type": "Feature",
      "geometry": {
        "type": "Point",
        "coordinates": [
          -122.4023469,
          37.7963187
        ]
      },
      "properties": {
        "id": "sf-imgur",
        "name": "Imgur",
        "nameJa": "Imgur",
        "website": "https://imgurinc.com",
        "address": "415 Jackson St #200, San Francisco, CA 94111",
        "city": "San Francisco",
        "county": "San Francisco County",
        "entityType": "company",
        "japanConnection": "none",
        "scale": "growth",
        "industries": [
          "technology"
        ],
        "sourceUrl": "https://github.com/theShiva/sf-companies",
        "updatedAt": "2026-08-22",
        "checkedAt": "2026-08-22",
        "checkStatus": "unchecked"
      }
    },
    {
      "type": "Feature",
      "geometry": {
        "type": "Point",
        "coordinates": [
          -122.4075924,
          37.7814089
        ]
      },
      "properties": {
        "id": "sf-indiegogo",
        "name": "Indiegogo",
        "nameJa": "Indiegogo",
        "website": "https://www.indiegogo.com/en",
        "address": "965 Mission St, San Francisco, CA 94103",
        "city": "San Francisco",
        "county": "San Francisco County",
        "entityType": "company",
        "japanConnection": "none",
        "scale": "growth",
        "industries": [
          "technology"
        ],
        "sourceUrl": "https://github.com/theShiva/sf-companies",
        "updatedAt": "2026-08-22",
        "checkedAt": "2026-08-22",
        "checkStatus": "unchecked"
      }
    },
    {
      "type": "Feature",
      "geometry": {
        "type": "Point",
        "coordinates": [
          -122.4029391,
          37.7980248
        ]
      },
      "properties": {
        "id": "sf-indinero",
        "name": "inDinero",
        "nameJa": "inDinero",
        "website": "https://www.indinero.com/",
        "address": "50 Osgood Pl #220, San Francisco, CA 94133",
        "city": "San Francisco",
        "county": "San Francisco County",
        "entityType": "company",
        "japanConnection": "none",
        "scale": "growth",
        "industries": [
          "technology"
        ],
        "sourceUrl": "https://github.com/theShiva/sf-companies",
        "updatedAt": "2026-08-22",
        "checkedAt": "2026-08-22",
        "checkStatus": "unchecked"
      }
    },
    {
      "type": "Feature",
      "geometry": {
        "type": "Point",
        "coordinates": [
          -122.4194155,
          37.7749295
        ]
      },
      "properties": {
        "id": "sf-insacart",
        "name": "Insacart",
        "nameJa": "Insacart",
        "website": "https://www.instacart.com/",
        "address": "San Francisco",
        "city": "San Francisco",
        "county": "San Francisco County",
        "entityType": "company",
        "japanConnection": "none",
        "scale": "startup",
        "industries": [
          "technology"
        ],
        "sourceUrl": "https://github.com/theShiva/sf-companies",
        "updatedAt": "2026-08-22",
        "checkedAt": "2026-08-22",
        "checkStatus": "unchecked"
      }
    },
    {
      "type": "Feature",
      "geometry": {
        "type": "Point",
        "coordinates": [
          -122.3985641,
          37.7845584
        ]
      },
      "properties": {
        "id": "sf-insightly",
        "name": "insightly",
        "nameJa": "insightly",
        "website": "https://www.insightly.com/",
        "address": "680 Folsom St #550, San Francisco, CA 94107",
        "city": "San Francisco",
        "county": "San Francisco County",
        "entityType": "company",
        "japanConnection": "none",
        "scale": "growth",
        "industries": [
          "technology"
        ],
        "sourceUrl": "https://github.com/theShiva/sf-companies",
        "updatedAt": "2026-08-22",
        "checkedAt": "2026-08-22",
        "checkStatus": "unchecked"
      }
    },
    {
      "type": "Feature",
      "geometry": {
        "type": "Point",
        "coordinates": [
          -122.4003129,
          37.7888063
        ]
      },
      "properties": {
        "id": "sf-intercom",
        "name": "Intercom",
        "nameJa": "Intercom",
        "website": "https://www.intercom.com",
        "address": "55 2nd St, San Francisco, CA 94105",
        "city": "San Francisco",
        "county": "San Francisco County",
        "entityType": "company",
        "japanConnection": "none",
        "scale": "startup",
        "industries": [
          "technology"
        ],
        "sourceUrl": "https://github.com/theShiva/sf-companies",
        "updatedAt": "2026-08-22",
        "checkedAt": "2026-08-22",
        "checkStatus": "unchecked"
      }
    },
    {
      "type": "Feature",
      "geometry": {
        "type": "Point",
        "coordinates": [
          -122.4194155,
          37.7749295
        ]
      },
      "properties": {
        "id": "sf-joy",
        "name": "Joy",
        "nameJa": "Joy",
        "website": "https://withjoy.com/",
        "address": "San Francisco",
        "city": "San Francisco",
        "county": "San Francisco County",
        "entityType": "company",
        "japanConnection": "none",
        "scale": "startup",
        "industries": [
          "technology"
        ],
        "sourceUrl": "https://github.com/theShiva/sf-companies",
        "updatedAt": "2026-08-22",
        "checkedAt": "2026-08-22",
        "checkStatus": "unchecked"
      }
    },
    {
      "type": "Feature",
      "geometry": {
        "type": "Point",
        "coordinates": [
          -122.4035231,
          37.7952457
        ]
      },
      "properties": {
        "id": "sf-joyent",
        "name": "Joyent",
        "nameJa": "Joyent",
        "website": "https://www.joyent.com",
        "address": "655 Montgomery St #1600, San Francisco, CA 94111",
        "city": "San Francisco",
        "county": "San Francisco County",
        "entityType": "company",
        "japanConnection": "none",
        "scale": "growth",
        "industries": [
          "technology"
        ],
        "sourceUrl": "https://github.com/theShiva/sf-companies",
        "updatedAt": "2026-08-22",
        "checkedAt": "2026-08-22",
        "checkStatus": "unchecked"
      }
    },
    {
      "type": "Feature",
      "geometry": {
        "type": "Point",
        "coordinates": [
          -122.3917269,
          37.7841097
        ]
      },
      "properties": {
        "id": "sf-jumpshot",
        "name": "Jumpshot",
        "nameJa": "Jumpshot",
        "website": "https://www.jumpshot.com/",
        "address": "329 Bryant St. Suite 3C, San Francisco, CA 94107",
        "city": "San Francisco",
        "county": "San Francisco County",
        "entityType": "company",
        "japanConnection": "none",
        "scale": "startup",
        "industries": [
          "technology"
        ],
        "sourceUrl": "https://github.com/theShiva/sf-companies",
        "updatedAt": "2026-08-22",
        "checkedAt": "2026-08-22",
        "checkStatus": "unchecked"
      }
    },
    {
      "type": "Feature",
      "geometry": {
        "type": "Point",
        "coordinates": [
          -122.399816,
          37.7975117
        ]
      },
      "properties": {
        "id": "sf-june-oven",
        "name": "June Oven",
        "nameJa": "June Oven",
        "website": "https://juneoven.com/",
        "address": "649 Front Street, San Francisco, CA 94111",
        "city": "San Francisco",
        "county": "San Francisco County",
        "entityType": "company",
        "japanConnection": "none",
        "scale": "startup",
        "industries": [
          "technology"
        ],
        "sourceUrl": "https://github.com/theShiva/sf-companies",
        "updatedAt": "2026-08-22",
        "checkedAt": "2026-08-22",
        "checkStatus": "unchecked"
      }
    },
    {
      "type": "Feature",
      "geometry": {
        "type": "Point",
        "coordinates": [
          -122.3910597,
          37.7816955
        ]
      },
      "properties": {
        "id": "sf-kentik",
        "name": "Kentik",
        "nameJa": "Kentik",
        "website": "https://www.kentik.com",
        "address": "625 2nd Street Suite 100, San Francisco, CA 94107",
        "city": "San Francisco",
        "county": "San Francisco County",
        "entityType": "company",
        "japanConnection": "none",
        "scale": "startup",
        "industries": [
          "technology"
        ],
        "sourceUrl": "https://github.com/theShiva/sf-companies",
        "updatedAt": "2026-08-22",
        "checkedAt": "2026-08-22",
        "checkStatus": "unchecked"
      }
    },
    {
      "type": "Feature",
      "geometry": {
        "type": "Point",
        "coordinates": [
          -122.4025102,
          37.7980279
        ]
      },
      "properties": {
        "id": "sf-kissmetrics",
        "name": "Kissmetrics",
        "nameJa": "Kissmetrics",
        "website": "https://www.kissmetrics.com/home/",
        "address": "847 Sansome St Lower Level, San Francisco, CA 94111",
        "city": "San Francisco",
        "county": "San Francisco County",
        "entityType": "company",
        "japanConnection": "none",
        "scale": "growth",
        "industries": [
          "technology"
        ],
        "sourceUrl": "https://github.com/theShiva/sf-companies",
        "updatedAt": "2026-08-22",
        "checkedAt": "2026-08-22",
        "checkStatus": "unchecked"
      }
    },
    {
      "type": "Feature",
      "geometry": {
        "type": "Point",
        "coordinates": [
          -122.4194155,
          37.7749295
        ]
      },
      "properties": {
        "id": "sf-kittyhawk",
        "name": "KittyHawk",
        "nameJa": "KittyHawk",
        "website": "https://kittyhawk.io/",
        "address": "San Francisco",
        "city": "San Francisco",
        "county": "San Francisco County",
        "entityType": "company",
        "japanConnection": "none",
        "scale": "startup",
        "industries": [
          "technology"
        ],
        "sourceUrl": "https://github.com/theShiva/sf-companies",
        "updatedAt": "2026-08-22",
        "checkedAt": "2026-08-22",
        "checkStatus": "unchecked"
      }
    },
    {
      "type": "Feature",
      "geometry": {
        "type": "Point",
        "coordinates": [
          -122.4005729,
          37.8009119
        ]
      },
      "properties": {
        "id": "sf-landor",
        "name": "Landor",
        "nameJa": "Landor",
        "website": "https://landor.com/",
        "address": "1001 Front St, San Francisco, CA 94111",
        "city": "San Francisco",
        "county": "San Francisco County",
        "entityType": "company",
        "japanConnection": "none",
        "scale": "growth",
        "industries": [
          "technology"
        ],
        "sourceUrl": "https://github.com/theShiva/sf-companies",
        "updatedAt": "2026-08-22",
        "checkedAt": "2026-08-22",
        "checkStatus": "unchecked"
      }
    },
    {
      "type": "Feature",
      "geometry": {
        "type": "Point",
        "coordinates": [
          -122.3980628,
          37.7872576
        ]
      },
      "properties": {
        "id": "sf-lattice",
        "name": "Lattice",
        "nameJa": "Lattice",
        "website": "https://lattice.com/",
        "address": "580 Howard St #102, San Francisco, CA 94105",
        "city": "San Francisco",
        "county": "San Francisco County",
        "entityType": "company",
        "japanConnection": "none",
        "scale": "startup",
        "industries": [
          "technology"
        ],
        "sourceUrl": "https://github.com/theShiva/sf-companies",
        "updatedAt": "2026-08-22",
        "checkedAt": "2026-08-22",
        "checkStatus": "unchecked"
      }
    },
    {
      "type": "Feature",
      "geometry": {
        "type": "Point",
        "coordinates": [
          -122.3954409,
          37.7777394
        ]
      },
      "properties": {
        "id": "sf-layer",
        "name": "Layer",
        "nameJa": "Layer",
        "website": "https://layer.com/",
        "address": "655 4th Street San Francisco, CA 94107",
        "city": "San Francisco",
        "county": "San Francisco County",
        "entityType": "company",
        "japanConnection": "none",
        "scale": "startup",
        "industries": [
          "technology"
        ],
        "sourceUrl": "https://github.com/theShiva/sf-companies",
        "updatedAt": "2026-08-22",
        "checkedAt": "2026-08-22",
        "checkStatus": "unchecked"
      }
    },
    {
      "type": "Feature",
      "geometry": {
        "type": "Point",
        "coordinates": [
          -122.4038838,
          37.788505
        ]
      },
      "properties": {
        "id": "sf-leadspace",
        "name": "Leadspace",
        "nameJa": "Leadspace",
        "website": "https://www.leadspace.com/",
        "address": "47 Kearny St. Suite 600, San Francisco CA 94108",
        "city": "San Francisco",
        "county": "San Francisco County",
        "entityType": "company",
        "japanConnection": "none",
        "scale": "growth",
        "industries": [
          "technology"
        ],
        "sourceUrl": "https://github.com/theShiva/sf-companies",
        "updatedAt": "2026-08-22",
        "checkedAt": "2026-08-22",
        "checkStatus": "unchecked"
      }
    },
    {
      "type": "Feature",
      "geometry": {
        "type": "Point",
        "coordinates": [
          -122.4111829,
          37.7675345
        ]
      },
      "properties": {
        "id": "sf-leanplum",
        "name": "Leanplum",
        "nameJa": "Leanplum",
        "website": "https://www.leanplum.com/",
        "address": "1550 Bryant St, San Francisco, CA 94103",
        "city": "San Francisco",
        "county": "San Francisco County",
        "entityType": "company",
        "japanConnection": "none",
        "scale": "startup",
        "industries": [
          "technology"
        ],
        "sourceUrl": "https://github.com/theShiva/sf-companies",
        "updatedAt": "2026-08-22",
        "checkedAt": "2026-08-22",
        "checkStatus": "unchecked"
      }
    },
    {
      "type": "Feature",
      "geometry": {
        "type": "Point",
        "coordinates": [
          -122.4135509,
          37.7717167
        ]
      },
      "properties": {
        "id": "sf-leap-motion",
        "name": "Leap Motion",
        "nameJa": "Leap Motion",
        "website": "https://www.leapmotion.com/",
        "address": "333 Bryant St ll150, San Francisco, CA 94107",
        "city": "San Francisco",
        "county": "San Francisco County",
        "entityType": "company",
        "japanConnection": "none",
        "scale": "startup",
        "industries": [
          "technology"
        ],
        "sourceUrl": "https://github.com/theShiva/sf-companies",
        "updatedAt": "2026-08-22",
        "checkedAt": "2026-08-22",
        "checkStatus": "unchecked"
      }
    },
    {
      "type": "Feature",
      "geometry": {
        "type": "Point",
        "coordinates": [
          -122.3972152,
          37.7932571
        ]
      },
      "properties": {
        "id": "sf-lendinghome",
        "name": "LendingHome",
        "nameJa": "LendingHome",
        "website": "https://www.lendinghome.com/",
        "address": "1 California St, San Francisco, CA 94111",
        "city": "San Francisco",
        "county": "San Francisco County",
        "entityType": "company",
        "japanConnection": "none",
        "scale": "startup",
        "industries": [
          "technology"
        ],
        "sourceUrl": "https://github.com/theShiva/sf-companies",
        "updatedAt": "2026-08-22",
        "checkedAt": "2026-08-22",
        "checkStatus": "unchecked"
      }
    },
    {
      "type": "Feature",
      "geometry": {
        "type": "Point",
        "coordinates": [
          -122.4095458,
          37.7822916
        ]
      },
      "properties": {
        "id": "sf-lever",
        "name": "Lever",
        "nameJa": "Lever",
        "website": "https://www.lever.co/",
        "address": "989 Market St #450, San Francisco, CA 94103",
        "city": "San Francisco",
        "county": "San Francisco County",
        "entityType": "company",
        "japanConnection": "none",
        "scale": "startup",
        "industries": [
          "technology"
        ],
        "sourceUrl": "https://github.com/theShiva/sf-companies",
        "updatedAt": "2026-08-22",
        "checkedAt": "2026-08-22",
        "checkStatus": "unchecked"
      }
    },
    {
      "type": "Feature",
      "geometry": {
        "type": "Point",
        "coordinates": [
          -122.4113985,
          37.7809191
        ]
      },
      "properties": {
        "id": "sf-liftopia",
        "name": "Liftopia",
        "nameJa": "Liftopia",
        "website": "https://about.liftopia.com/index.html",
        "address": "1061 Market St. Floor 4, San Francisco, CA 94103",
        "city": "San Francisco",
        "county": "San Francisco County",
        "entityType": "company",
        "japanConnection": "none",
        "scale": "growth",
        "industries": [
          "technology"
        ],
        "sourceUrl": "https://github.com/theShiva/sf-companies",
        "updatedAt": "2026-08-22",
        "checkedAt": "2026-08-22",
        "checkStatus": "unchecked"
      }
    },
    {
      "type": "Feature",
      "geometry": {
        "type": "Point",
        "coordinates": [
          -122.4016796,
          37.7886528
        ]
      },
      "properties": {
        "id": "sf-lightbend",
        "name": "Lightbend",
        "nameJa": "Lightbend",
        "website": "http://www.lightbend.com/",
        "address": "625 Market St Suite 1000, San Francisco, CA 94105",
        "city": "San Francisco",
        "county": "San Francisco County",
        "entityType": "company",
        "japanConnection": "none",
        "scale": "startup",
        "industries": [
          "technology"
        ],
        "sourceUrl": "https://github.com/theShiva/sf-companies",
        "updatedAt": "2026-08-22",
        "checkedAt": "2026-08-22",
        "checkStatus": "unchecked"
      }
    },
    {
      "type": "Feature",
      "geometry": {
        "type": "Point",
        "coordinates": [
          -122.4046821,
          37.7881761
        ]
      },
      "properties": {
        "id": "sf-linqia",
        "name": "Linqia",
        "nameJa": "Linqia",
        "website": "http://www.linqia.com/",
        "address": "77 Maiden Ln, San Francisco, CA 94108",
        "city": "San Francisco",
        "county": "San Francisco County",
        "entityType": "company",
        "japanConnection": "none",
        "scale": "startup",
        "industries": [
          "technology"
        ],
        "sourceUrl": "https://github.com/theShiva/sf-companies",
        "updatedAt": "2026-08-22",
        "checkedAt": "2026-08-22",
        "checkStatus": "unchecked"
      }
    },
    {
      "type": "Feature",
      "geometry": {
        "type": "Point",
        "coordinates": [
          -122.4065812,
          37.764963
        ]
      },
      "properties": {
        "id": "sf-literably",
        "name": "Literably",
        "nameJa": "Literably",
        "website": "https://literably.com",
        "address": "364 Utah St, San Francisco, CA 94103",
        "city": "San Francisco",
        "county": "San Francisco County",
        "entityType": "company",
        "japanConnection": "none",
        "scale": "startup",
        "industries": [
          "technology"
        ],
        "sourceUrl": "https://github.com/theShiva/sf-companies",
        "updatedAt": "2026-08-22",
        "checkedAt": "2026-08-22",
        "checkStatus": "unchecked"
      }
    },
    {
      "type": "Feature",
      "geometry": {
        "type": "Point",
        "coordinates": [
          -122.4012802,
          37.790841
        ]
      },
      "properties": {
        "id": "sf-lithium-technologies",
        "name": "Lithium Technologies",
        "nameJa": "Lithium Technologies",
        "website": "https://www.lithium.com/",
        "address": "225 Bush St, San Francisco, CA 94104",
        "city": "San Francisco",
        "county": "San Francisco County",
        "entityType": "company",
        "japanConnection": "none",
        "scale": "growth",
        "industries": [
          "technology"
        ],
        "sourceUrl": "https://github.com/theShiva/sf-companies",
        "updatedAt": "2026-08-22",
        "checkedAt": "2026-08-22",
        "checkStatus": "unchecked"
      }
    },
    {
      "type": "Feature",
      "geometry": {
        "type": "Point",
        "coordinates": [
          -122.3920385,
          37.776503
        ]
      },
      "properties": {
        "id": "sf-lob",
        "name": "Lob",
        "nameJa": "Lob",
        "website": "https://lob.com/",
        "address": "185 Berry St #6600, San Francisco, CA 94107",
        "city": "San Francisco",
        "county": "San Francisco County",
        "entityType": "company",
        "japanConnection": "none",
        "scale": "startup",
        "industries": [
          "technology"
        ],
        "sourceUrl": "https://github.com/theShiva/sf-companies",
        "updatedAt": "2026-08-22",
        "checkedAt": "2026-08-22",
        "checkStatus": "unchecked"
      }
    },
    {
      "type": "Feature",
      "geometry": {
        "type": "Point",
        "coordinates": [
          -122.3961078,
          37.77686
        ]
      },
      "properties": {
        "id": "sf-logikcull",
        "name": "Logikcull",
        "nameJa": "Logikcull",
        "website": "http://logikcull.com/",
        "address": "330 Townsend Street Suite 335 San Francisco, CA 94107",
        "city": "San Francisco",
        "county": "San Francisco County",
        "entityType": "company",
        "japanConnection": "none",
        "scale": "growth",
        "industries": [
          "technology"
        ],
        "sourceUrl": "https://github.com/theShiva/sf-companies",
        "updatedAt": "2026-08-22",
        "checkedAt": "2026-08-22",
        "checkStatus": "unchecked"
      }
    },
    {
      "type": "Feature",
      "geometry": {
        "type": "Point",
        "coordinates": [
          -122.4074045,
          37.774367
        ]
      },
      "properties": {
        "id": "sf-looker",
        "name": "Looker",
        "nameJa": "Looker",
        "website": "https://looker.com/",
        "address": "1157 Harrison St, San Francisco, CA 94103",
        "city": "San Francisco",
        "county": "San Francisco County",
        "entityType": "company",
        "japanConnection": "none",
        "scale": "startup",
        "industries": [
          "technology"
        ],
        "sourceUrl": "https://github.com/theShiva/sf-companies",
        "updatedAt": "2026-08-22",
        "checkedAt": "2026-08-22",
        "checkStatus": "unchecked"
      }
    },
    {
      "type": "Feature",
      "geometry": {
        "type": "Point",
        "coordinates": [
          -122.3920385,
          37.776503
        ]
      },
      "properties": {
        "id": "sf-lyft",
        "name": "Lyft",
        "nameJa": "Lyft",
        "website": "https://www.lyft.com/",
        "address": "185 Berry St, San Francisco, CA 94107",
        "city": "San Francisco",
        "county": "San Francisco County",
        "entityType": "company",
        "japanConnection": "none",
        "scale": "startup",
        "industries": [
          "technology"
        ],
        "sourceUrl": "https://github.com/theShiva/sf-companies",
        "updatedAt": "2026-08-22",
        "checkedAt": "2026-08-22",
        "checkStatus": "unchecked"
      }
    },
    {
      "type": "Feature",
      "geometry": {
        "type": "Point",
        "coordinates": [
          -122.3985641,
          37.7845584
        ]
      },
      "properties": {
        "id": "sf-macy-s",
        "name": "Macy's",
        "nameJa": "Macy's",
        "website": "https://www.macys.com/",
        "address": "680 Folsom St, San Francisco, CA 94107",
        "city": "San Francisco",
        "county": "San Francisco County",
        "entityType": "company",
        "japanConnection": "none",
        "scale": "growth",
        "industries": [
          "technology"
        ],
        "sourceUrl": "https://github.com/theShiva/sf-companies",
        "updatedAt": "2026-08-22",
        "checkedAt": "2026-08-22",
        "checkStatus": "unchecked"
      }
    },
    {
      "type": "Feature",
      "geometry": {
        "type": "Point",
        "coordinates": [
          -122.3975759,
          37.7852686
        ]
      },
      "properties": {
        "id": "sf-mailgun",
        "name": "Mailgun",
        "nameJa": "Mailgun",
        "website": "https://www.mailgun.com/",
        "address": "620 Folsom St # 100, San Francisco, CA 94107",
        "city": "San Francisco",
        "county": "San Francisco County",
        "entityType": "company",
        "japanConnection": "none",
        "scale": "growth",
        "industries": [
          "technology"
        ],
        "sourceUrl": "https://github.com/theShiva/sf-companies",
        "updatedAt": "2026-08-22",
        "checkedAt": "2026-08-22",
        "checkStatus": "unchecked"
      }
    },
    {
      "type": "Feature",
      "geometry": {
        "type": "Point",
        "coordinates": [
          -122.3998545,
          37.78844
        ]
      },
      "properties": {
        "id": "sf-mapbox",
        "name": "Mapbox",
        "nameJa": "Mapbox",
        "website": "http://www.mapbox.com/",
        "address": "85 2nd Street, 3rd floor, San Francisco, CA 94105",
        "city": "San Francisco",
        "county": "San Francisco County",
        "entityType": "company",
        "japanConnection": "none",
        "scale": "startup",
        "industries": [
          "technology"
        ],
        "sourceUrl": "https://github.com/theShiva/sf-companies",
        "updatedAt": "2026-08-22",
        "checkedAt": "2026-08-22",
        "checkStatus": "unchecked"
      }
    },
    {
      "type": "Feature",
      "geometry": {
        "type": "Point",
        "coordinates": [
          -122.4003129,
          37.7895508
        ]
      },
      "properties": {
        "id": "sf-mashery-acquired",
        "name": "Mashery (acquired)",
        "nameJa": "Mashery (acquired)",
        "website": "https://www.mashery.com/",
        "address": "575 Market St, San Francisco, CA 94105",
        "city": "San Francisco",
        "county": "San Francisco County",
        "entityType": "company",
        "japanConnection": "none",
        "scale": "growth",
        "industries": [
          "technology"
        ],
        "sourceUrl": "https://github.com/theShiva/sf-companies",
        "updatedAt": "2026-08-22",
        "checkedAt": "2026-08-22",
        "checkStatus": "unchecked"
      }
    },
    {
      "type": "Feature",
      "geometry": {
        "type": "Point",
        "coordinates": [
          -122.4194155,
          37.7749295
        ]
      },
      "properties": {
        "id": "sf-massdrop",
        "name": "Massdrop",
        "nameJa": "Massdrop",
        "website": "https://www.massdrop.com",
        "address": "San Francisco",
        "city": "San Francisco",
        "county": "San Francisco County",
        "entityType": "company",
        "japanConnection": "none",
        "scale": "startup",
        "industries": [
          "technology"
        ],
        "sourceUrl": "https://github.com/theShiva/sf-companies",
        "updatedAt": "2026-08-22",
        "checkedAt": "2026-08-22",
        "checkStatus": "unchecked"
      }
    },
    {
      "type": "Feature",
      "geometry": {
        "type": "Point",
        "coordinates": [
          -122.3980914,
          37.7888898
        ]
      },
      "properties": {
        "id": "sf-mattermark",
        "name": "Mattermark",
        "nameJa": "Mattermark",
        "website": "https://mattermark.com/",
        "address": "535 Mission St Suite 2018, San Francisco, CA 94105",
        "city": "San Francisco",
        "county": "San Francisco County",
        "entityType": "company",
        "japanConnection": "none",
        "scale": "startup",
        "industries": [
          "technology"
        ],
        "sourceUrl": "https://github.com/theShiva/sf-companies",
        "updatedAt": "2026-08-22",
        "checkedAt": "2026-08-22",
        "checkStatus": "unchecked"
      }
    },
    {
      "type": "Feature",
      "geometry": {
        "type": "Point",
        "coordinates": [
          -122.4027468,
          37.7887655
        ]
      },
      "properties": {
        "id": "sf-mckesson",
        "name": "McKesson",
        "nameJa": "McKesson",
        "website": "http://www.mckesson.com/",
        "address": "1 Post St, San Francisco, CA 94104",
        "city": "San Francisco",
        "county": "San Francisco County",
        "entityType": "company",
        "japanConnection": "none",
        "scale": "growth",
        "industries": [
          "technology"
        ],
        "sourceUrl": "https://github.com/theShiva/sf-companies",
        "updatedAt": "2026-08-22",
        "checkedAt": "2026-08-22",
        "checkStatus": "unchecked"
      }
    },
    {
      "type": "Feature",
      "geometry": {
        "type": "Point",
        "coordinates": [
          -122.3938476,
          37.776318
        ]
      },
      "properties": {
        "id": "sf-medium",
        "name": "Medium",
        "nameJa": "Medium",
        "website": "https://medium.com/",
        "address": "799 Market St (4th St), San Francisco, CA 94102",
        "city": "San Francisco",
        "county": "San Francisco County",
        "entityType": "company",
        "japanConnection": "none",
        "scale": "startup",
        "industries": [
          "technology"
        ],
        "sourceUrl": "https://github.com/theShiva/sf-companies",
        "updatedAt": "2026-08-22",
        "checkedAt": "2026-08-22",
        "checkStatus": "unchecked"
      }
    },
    {
      "type": "Feature",
      "geometry": {
        "type": "Point",
        "coordinates": [
          -122.4004241,
          37.7926185
        ]
      },
      "properties": {
        "id": "sf-medrio",
        "name": "Medrio",
        "nameJa": "Medrio",
        "website": "http://medrio.com/",
        "address": "345 California St #325, San Francisco, CA 94104",
        "city": "San Francisco",
        "county": "San Francisco County",
        "entityType": "company",
        "japanConnection": "none",
        "scale": "growth",
        "industries": [
          "technology"
        ],
        "sourceUrl": "https://github.com/theShiva/sf-companies",
        "updatedAt": "2026-08-22",
        "checkedAt": "2026-08-22",
        "checkStatus": "unchecked"
      }
    },
    {
      "type": "Feature",
      "geometry": {
        "type": "Point",
        "coordinates": [
          -122.3976728,
          37.7787439
        ]
      },
      "properties": {
        "id": "sf-memsql",
        "name": "MemSQL",
        "nameJa": "MemSQL",
        "website": "http://www.memsql.com/",
        "address": "534 Fourth Street, San Francisco, CA 94107",
        "city": "San Francisco",
        "county": "San Francisco County",
        "entityType": "company",
        "japanConnection": "none",
        "scale": "startup",
        "industries": [
          "technology"
        ],
        "sourceUrl": "https://github.com/theShiva/sf-companies",
        "updatedAt": "2026-08-22",
        "checkedAt": "2026-08-22",
        "checkStatus": "unchecked"
      }
    },
    {
      "type": "Feature",
      "geometry": {
        "type": "Point",
        "coordinates": [
          -122.4100898,
          37.7747102
        ]
      },
      "properties": {
        "id": "sf-mende-design",
        "name": "Mende Design",
        "nameJa": "Mende Design",
        "website": "http://mendedesign.com/",
        "address": "1211 Folsom St, San Francisco, CA 94103",
        "city": "San Francisco",
        "county": "San Francisco County",
        "entityType": "company",
        "japanConnection": "none",
        "scale": "growth",
        "industries": [
          "technology"
        ],
        "sourceUrl": "https://github.com/theShiva/sf-companies",
        "updatedAt": "2026-08-22",
        "checkedAt": "2026-08-22",
        "checkStatus": "unchecked"
      }
    },
    {
      "type": "Feature",
      "geometry": {
        "type": "Point",
        "coordinates": [
          -122.4005472,
          37.789422
        ]
      },
      "properties": {
        "id": "sf-mesosphere",
        "name": "Mesosphere",
        "nameJa": "Mesosphere",
        "website": "https://mesosphere.com/",
        "address": "88 Stevenson St, San Francisco, CA 94105",
        "city": "San Francisco",
        "county": "San Francisco County",
        "entityType": "company",
        "japanConnection": "none",
        "scale": "startup",
        "industries": [
          "technology"
        ],
        "sourceUrl": "https://github.com/theShiva/sf-companies",
        "updatedAt": "2026-08-22",
        "checkedAt": "2026-08-22",
        "checkStatus": "unchecked"
      }
    },
    {
      "type": "Feature",
      "geometry": {
        "type": "Point",
        "coordinates": [
          -122.4152747,
          37.7751043
        ]
      },
      "properties": {
        "id": "sf-metric-insights",
        "name": "Metric Insights",
        "nameJa": "Metric Insights",
        "website": "http://www.metricinsights.com/",
        "address": "123 10th St, San Francisco, CA 94103",
        "city": "San Francisco",
        "county": "San Francisco County",
        "entityType": "company",
        "japanConnection": "none",
        "scale": "startup",
        "industries": [
          "technology"
        ],
        "sourceUrl": "https://github.com/theShiva/sf-companies",
        "updatedAt": "2026-08-22",
        "checkedAt": "2026-08-22",
        "checkStatus": "unchecked"
      }
    },
    {
      "type": "Feature",
      "geometry": {
        "type": "Point",
        "coordinates": [
          -122.3989867,
          37.7842107
        ]
      },
      "properties": {
        "id": "sf-metromile",
        "name": "Metromile",
        "nameJa": "Metromile",
        "website": "https://www.metromile.com/",
        "address": "690 Folsom St Suite 200, San Francisco, CA 94107",
        "city": "San Francisco",
        "county": "San Francisco County",
        "entityType": "company",
        "japanConnection": "none",
        "scale": "startup",
        "industries": [
          "technology"
        ],
        "sourceUrl": "https://github.com/theShiva/sf-companies",
        "updatedAt": "2026-08-22",
        "checkedAt": "2026-08-22",
        "checkStatus": "unchecked"
      }
    },
    {
      "type": "Feature",
      "geometry": {
        "type": "Point",
        "coordinates": [
          -122.4166164,
          37.7767687
        ]
      },
      "properties": {
        "id": "sf-microsoft",
        "name": "Microsoft",
        "nameJa": "Microsoft",
        "website": "https://www.microsoft.com/en-us/",
        "address": "1355 Market St, San Francisco, CA 94103",
        "city": "San Francisco",
        "county": "San Francisco County",
        "entityType": "company",
        "japanConnection": "none",
        "scale": "growth",
        "industries": [
          "technology"
        ],
        "sourceUrl": "https://github.com/theShiva/sf-companies",
        "updatedAt": "2026-08-22",
        "checkedAt": "2026-08-22",
        "checkStatus": "unchecked"
      }
    },
    {
      "type": "Feature",
      "geometry": {
        "type": "Point",
        "coordinates": [
          -122.4109238,
          37.787278
        ]
      },
      "properties": {
        "id": "sf-missionu",
        "name": "MissionU",
        "nameJa": "MissionU",
        "website": "https://www.missionu.com/",
        "address": "466 Geary St Suite 401, San Francisco, CA 94102",
        "city": "San Francisco",
        "county": "San Francisco County",
        "entityType": "company",
        "japanConnection": "none",
        "scale": "startup",
        "industries": [
          "technology"
        ],
        "sourceUrl": "https://github.com/theShiva/sf-companies",
        "updatedAt": "2026-08-22",
        "checkedAt": "2026-08-22",
        "checkStatus": "unchecked"
      }
    },
    {
      "type": "Feature",
      "geometry": {
        "type": "Point",
        "coordinates": [
          -122.3950688,
          37.7885335
        ]
      },
      "properties": {
        "id": "sf-mixpanel",
        "name": "Mixpanel",
        "nameJa": "Mixpanel",
        "website": "https://mixpanel.com/",
        "address": "405 Howard St, San Francisco, CA 94105",
        "city": "San Francisco",
        "county": "San Francisco County",
        "entityType": "company",
        "japanConnection": "none",
        "scale": "growth",
        "industries": [
          "technology"
        ],
        "sourceUrl": "https://github.com/theShiva/sf-companies",
        "updatedAt": "2026-08-22",
        "checkedAt": "2026-08-22",
        "checkStatus": "unchecked"
      }
    },
    {
      "type": "Feature",
      "geometry": {
        "type": "Point",
        "coordinates": [
          -122.4038945,
          37.7812743
        ]
      },
      "properties": {
        "id": "sf-monkey-inferno",
        "name": "Monkey Inferno",
        "nameJa": "Monkey Inferno",
        "website": "http://monkeyinferno.com/",
        "address": "387 Tehama St, San Francisco, CA 94103",
        "city": "San Francisco",
        "county": "San Francisco County",
        "entityType": "company",
        "japanConnection": "none",
        "scale": "startup",
        "industries": [
          "technology"
        ],
        "sourceUrl": "https://github.com/theShiva/sf-companies",
        "updatedAt": "2026-08-22",
        "checkedAt": "2026-08-22",
        "checkStatus": "unchecked"
      }
    },
    {
      "type": "Feature",
      "geometry": {
        "type": "Point",
        "coordinates": [
          -122.4022539,
          37.8028957
        ]
      },
      "properties": {
        "id": "sf-moogsoft",
        "name": "MoogSoft",
        "nameJa": "MoogSoft",
        "website": "https://www.moogsoft.com/",
        "address": "1265 Battery St, San Francisco CA 94111",
        "city": "San Francisco",
        "county": "San Francisco County",
        "entityType": "company",
        "japanConnection": "none",
        "scale": "startup",
        "industries": [
          "technology"
        ],
        "sourceUrl": "https://github.com/theShiva/sf-companies",
        "updatedAt": "2026-08-22",
        "checkedAt": "2026-08-22",
        "checkStatus": "unchecked"
      }
    },
    {
      "type": "Feature",
      "geometry": {
        "type": "Point",
        "coordinates": [
          -122.414381,
          37.7792245
        ]
      },
      "properties": {
        "id": "sf-mux",
        "name": "Mux",
        "nameJa": "Mux",
        "website": "https://mux.com/",
        "address": "1182 Market St. Suite 425, San Francisco, CA 94102",
        "city": "San Francisco",
        "county": "San Francisco County",
        "entityType": "company",
        "japanConnection": "none",
        "scale": "startup",
        "industries": [
          "technology"
        ],
        "sourceUrl": "https://github.com/theShiva/sf-companies",
        "updatedAt": "2026-08-22",
        "checkedAt": "2026-08-22",
        "checkStatus": "unchecked"
      }
    },
    {
      "type": "Feature",
      "geometry": {
        "type": "Point",
        "coordinates": [
          -122.4033941,
          37.7735035
        ]
      },
      "properties": {
        "id": "sf-navdy",
        "name": "Navdy",
        "nameJa": "Navdy",
        "website": "https://www.navdy.com/#see-the-road",
        "address": "575 7th St, San Francisco, CA 94103",
        "city": "San Francisco",
        "county": "San Francisco County",
        "entityType": "company",
        "japanConnection": "none",
        "scale": "startup",
        "industries": [
          "technology"
        ],
        "sourceUrl": "https://github.com/theShiva/sf-companies",
        "updatedAt": "2026-08-22",
        "checkedAt": "2026-08-22",
        "checkStatus": "unchecked"
      }
    },
    {
      "type": "Feature",
      "geometry": {
        "type": "Point",
        "coordinates": [
          -122.4054166,
          37.77795
        ]
      },
      "properties": {
        "id": "sf-naytev",
        "name": "Naytev",
        "nameJa": "Naytev",
        "website": "https://www.naytev.com/",
        "address": "322 6th Street Suite 13, San Francisco, CA 94103",
        "city": "San Francisco",
        "county": "San Francisco County",
        "entityType": "company",
        "japanConnection": "none",
        "scale": "startup",
        "industries": [
          "technology"
        ],
        "sourceUrl": "https://github.com/theShiva/sf-companies",
        "updatedAt": "2026-08-22",
        "checkedAt": "2026-08-22",
        "checkStatus": "unchecked"
      }
    },
    {
      "type": "Feature",
      "geometry": {
        "type": "Point",
        "coordinates": [
          -122.4027639,
          37.7951844
        ]
      },
      "properties": {
        "id": "sf-nepfin",
        "name": "NepFin",
        "nameJa": "NepFin",
        "website": "https://www.nepfin.com/",
        "address": "600 Montgomery St Suite 260, San Francisco, CA 94111",
        "city": "San Francisco",
        "county": "San Francisco County",
        "entityType": "company",
        "japanConnection": "none",
        "scale": "startup",
        "industries": [
          "technology"
        ],
        "sourceUrl": "https://github.com/theShiva/sf-companies",
        "updatedAt": "2026-08-22",
        "checkedAt": "2026-08-22",
        "checkStatus": "unchecked"
      }
    },
    {
      "type": "Feature",
      "geometry": {
        "type": "Point",
        "coordinates": [
          -122.3929672,
          37.7914448
        ]
      },
      "properties": {
        "id": "sf-new-relic",
        "name": "New Relic",
        "nameJa": "New Relic",
        "website": "https://newrelic.com",
        "address": "188 Spear St, San Francisco, CA 94105",
        "city": "San Francisco",
        "county": "San Francisco County",
        "entityType": "company",
        "japanConnection": "none",
        "scale": "growth",
        "industries": [
          "technology"
        ],
        "sourceUrl": "https://github.com/theShiva/sf-companies",
        "updatedAt": "2026-08-22",
        "checkedAt": "2026-08-22",
        "checkStatus": "unchecked"
      }
    },
    {
      "type": "Feature",
      "geometry": {
        "type": "Point",
        "coordinates": [
          -122.4004793,
          37.799885
        ]
      },
      "properties": {
        "id": "sf-no-means-no-worldwide",
        "name": "No Means No Worldwide",
        "nameJa": "No Means No Worldwide",
        "website": "https://www.nomeansnoworldwide.org/",
        "address": "921 Front St #204, San Francisco, CA 94111",
        "city": "San Francisco",
        "county": "San Francisco County",
        "entityType": "company",
        "japanConnection": "none",
        "scale": "growth",
        "industries": [
          "technology"
        ],
        "sourceUrl": "https://github.com/theShiva/sf-companies",
        "updatedAt": "2026-08-22",
        "checkedAt": "2026-08-22",
        "checkStatus": "unchecked"
      }
    },
    {
      "type": "Feature",
      "geometry": {
        "type": "Point",
        "coordinates": [
          -122.3996856,
          37.7875935
        ]
      },
      "properties": {
        "id": "sf-noredink",
        "name": "NoRedInk",
        "nameJa": "NoRedInk",
        "website": "https://www.noredink.com/",
        "address": "118 2nd Street 3rd Floor, San Francisco, CA 94105",
        "city": "San Francisco",
        "county": "San Francisco County",
        "entityType": "company",
        "japanConnection": "none",
        "scale": "startup",
        "industries": [
          "technology"
        ],
        "sourceUrl": "https://github.com/theShiva/sf-companies",
        "updatedAt": "2026-08-22",
        "checkedAt": "2026-08-22",
        "checkStatus": "unchecked"
      }
    },
    {
      "type": "Feature",
      "geometry": {
        "type": "Point",
        "coordinates": [
          -122.393038,
          37.7795006
        ]
      },
      "properties": {
        "id": "sf-notable-labs",
        "name": "Notable Labs",
        "nameJa": "Notable Labs",
        "website": "https://www.notablelabs.com/",
        "address": "665 3rd St, San Francisco, CA 94107",
        "city": "San Francisco",
        "county": "San Francisco County",
        "entityType": "company",
        "japanConnection": "none",
        "scale": "startup",
        "industries": [
          "technology"
        ],
        "sourceUrl": "https://github.com/theShiva/sf-companies",
        "updatedAt": "2026-08-22",
        "checkedAt": "2026-08-22",
        "checkStatus": "unchecked"
      }
    },
    {
      "type": "Feature",
      "geometry": {
        "type": "Point",
        "coordinates": [
          -122.4077633,
          37.783128
        ]
      },
      "properties": {
        "id": "sf-nova-credit",
        "name": "Nova Credit",
        "nameJa": "Nova Credit",
        "website": "http://neednova.com/",
        "address": "2 Mint Plaza, San Francisco, CA 94103",
        "city": "San Francisco",
        "county": "San Francisco County",
        "entityType": "company",
        "japanConnection": "none",
        "scale": "startup",
        "industries": [
          "technology"
        ],
        "sourceUrl": "https://github.com/theShiva/sf-companies",
        "updatedAt": "2026-08-22",
        "checkedAt": "2026-08-22",
        "checkStatus": "unchecked"
      }
    },
    {
      "type": "Feature",
      "geometry": {
        "type": "Point",
        "coordinates": [
          -122.4033069,
          37.7710325
        ]
      },
      "properties": {
        "id": "sf-nuna",
        "name": "Nuna",
        "nameJa": "Nuna",
        "website": "https://www.nuna.com",
        "address": "650 Townsend St Suite 425, San Francisco, CA 94103",
        "city": "San Francisco",
        "county": "San Francisco County",
        "entityType": "company",
        "japanConnection": "none",
        "scale": "startup",
        "industries": [
          "technology"
        ],
        "sourceUrl": "https://github.com/theShiva/sf-companies",
        "updatedAt": "2026-08-22",
        "checkedAt": "2026-08-22",
        "checkStatus": "unchecked"
      }
    },
    {
      "type": "Feature",
      "geometry": {
        "type": "Point",
        "coordinates": [
          -122.4061554,
          37.7818878
        ]
      },
      "properties": {
        "id": "sf-oath-former-yahoo",
        "name": "Oath (former Yahoo!)",
        "nameJa": "Oath (former Yahoo!)",
        "website": "https://www.oath.com",
        "address": "110 5th Street Suite 200, San Francisco, CA 94123",
        "city": "San Francisco",
        "county": "San Francisco County",
        "entityType": "company",
        "japanConnection": "none",
        "scale": "startup",
        "industries": [
          "technology"
        ],
        "sourceUrl": "https://github.com/theShiva/sf-companies",
        "updatedAt": "2026-08-22",
        "checkedAt": "2026-08-22",
        "checkStatus": "unchecked"
      }
    },
    {
      "type": "Feature",
      "geometry": {
        "type": "Point",
        "coordinates": [
          -122.3921786,
          37.781405
        ]
      },
      "properties": {
        "id": "sf-okta",
        "name": "Okta",
        "nameJa": "Okta",
        "website": "https://www.okta.com/",
        "address": "301 Brannan St, San Francisco, CA 94107",
        "city": "San Francisco",
        "county": "San Francisco County",
        "entityType": "company",
        "japanConnection": "none",
        "scale": "growth",
        "industries": [
          "technology"
        ],
        "sourceUrl": "https://github.com/theShiva/sf-companies",
        "updatedAt": "2026-08-22",
        "checkedAt": "2026-08-22",
        "checkStatus": "unchecked"
      }
    },
    {
      "type": "Feature",
      "geometry": {
        "type": "Point",
        "coordinates": [
          -122.4147345,
          37.7623832
        ]
      },
      "properties": {
        "id": "sf-openai",
        "name": "OpenAI",
        "nameJa": "OpenAI",
        "website": "https://www.openai.com/",
        "address": "3180 18th St, San Francisco, CA 94110",
        "city": "San Francisco",
        "county": "San Francisco County",
        "entityType": "company",
        "japanConnection": "none",
        "scale": "startup",
        "industries": [
          "technology"
        ],
        "sourceUrl": "https://github.com/theShiva/sf-companies",
        "updatedAt": "2026-08-22",
        "checkedAt": "2026-08-22",
        "checkStatus": "unchecked"
      }
    },
    {
      "type": "Feature",
      "geometry": {
        "type": "Point",
        "coordinates": [
          -122.3985256,
          37.7749699
        ]
      },
      "properties": {
        "id": "sf-opendns-cisco",
        "name": "OpenDNS (Cisco)",
        "nameJa": "OpenDNS (Cisco)",
        "website": "http://www.opendns.com/",
        "address": "444 Townsend St, San Francisco, CA 94107",
        "city": "San Francisco",
        "county": "San Francisco County",
        "entityType": "company",
        "japanConnection": "none",
        "scale": "growth",
        "industries": [
          "technology"
        ],
        "sourceUrl": "https://github.com/theShiva/sf-companies",
        "updatedAt": "2026-08-22",
        "checkedAt": "2026-08-22",
        "checkStatus": "unchecked"
      }
    },
    {
      "type": "Feature",
      "geometry": {
        "type": "Point",
        "coordinates": [
          -122.4004509,
          37.7870722
        ]
      },
      "properties": {
        "id": "sf-opendoor",
        "name": "Opendoor",
        "nameJa": "Opendoor",
        "website": "https://www.opendoor.com/",
        "address": "116 New Montgomery St #820, San Francisco, CA 94105",
        "city": "San Francisco",
        "county": "San Francisco County",
        "entityType": "company",
        "japanConnection": "none",
        "scale": "startup",
        "industries": [
          "technology"
        ],
        "sourceUrl": "https://github.com/theShiva/sf-companies",
        "updatedAt": "2026-08-22",
        "checkedAt": "2026-08-22",
        "checkStatus": "unchecked"
      }
    },
    {
      "type": "Feature",
      "geometry": {
        "type": "Point",
        "coordinates": [
          -122.4029353,
          37.7894677
        ]
      },
      "properties": {
        "id": "sf-opentable",
        "name": "Opentable",
        "nameJa": "Opentable",
        "website": "https://www.opentable.com",
        "address": "1 Montgomery Street Suite 700, San Francisco, CA 94104",
        "city": "San Francisco",
        "county": "San Francisco County",
        "entityType": "company",
        "japanConnection": "none",
        "scale": "growth",
        "industries": [
          "technology"
        ],
        "sourceUrl": "https://github.com/theShiva/sf-companies",
        "updatedAt": "2026-08-22",
        "checkedAt": "2026-08-22",
        "checkStatus": "unchecked"
      }
    },
    {
      "type": "Feature",
      "geometry": {
        "type": "Point",
        "coordinates": [
          -122.3985553,
          37.7860291
        ]
      },
      "properties": {
        "id": "sf-optimizely",
        "name": "Optimizely",
        "nameJa": "Optimizely",
        "website": "https://www.optimizely.com/",
        "address": "631 Howard St #100, San Francisco, CA 94105",
        "city": "San Francisco",
        "county": "San Francisco County",
        "entityType": "company",
        "japanConnection": "none",
        "scale": "growth",
        "industries": [
          "technology"
        ],
        "sourceUrl": "https://github.com/theShiva/sf-companies",
        "updatedAt": "2026-08-22",
        "checkedAt": "2026-08-22",
        "checkStatus": "unchecked"
      }
    },
    {
      "type": "Feature",
      "geometry": {
        "type": "Point",
        "coordinates": [
          -122.4061408,
          37.7922305
        ]
      },
      "properties": {
        "id": "sf-pantheon",
        "name": "Pantheon",
        "nameJa": "Pantheon",
        "website": "https://pantheon.io/",
        "address": "717 California St Floor 2, San Francisco, CA 94108",
        "city": "San Francisco",
        "county": "San Francisco County",
        "entityType": "company",
        "japanConnection": "none",
        "scale": "startup",
        "industries": [
          "technology"
        ],
        "sourceUrl": "https://github.com/theShiva/sf-companies",
        "updatedAt": "2026-08-22",
        "checkedAt": "2026-08-22",
        "checkStatus": "unchecked"
      }
    },
    {
      "type": "Feature",
      "geometry": {
        "type": "Point",
        "coordinates": [
          -122.394425,
          37.7843118
        ]
      },
      "properties": {
        "id": "sf-parsable",
        "name": "Parsable",
        "nameJa": "Parsable",
        "website": "https://www.parsable.com",
        "address": "425 2nd Street, San Francisco, CA 94107",
        "city": "San Francisco",
        "county": "San Francisco County",
        "entityType": "company",
        "japanConnection": "none",
        "scale": "startup",
        "industries": [
          "technology"
        ],
        "sourceUrl": "https://github.com/theShiva/sf-companies",
        "updatedAt": "2026-08-22",
        "checkedAt": "2026-08-22",
        "checkStatus": "unchecked"
      }
    },
    {
      "type": "Feature",
      "geometry": {
        "type": "Point",
        "coordinates": [
          -122.4199458,
          37.8059972
        ]
      },
      "properties": {
        "id": "sf-patagonia",
        "name": "Patagonia",
        "nameJa": "Patagonia",
        "website": "http://www.patagonia.com/",
        "address": "770 North Point St, San Francisco, CA 94109",
        "city": "San Francisco",
        "county": "San Francisco County",
        "entityType": "company",
        "japanConnection": "none",
        "scale": "growth",
        "industries": [
          "technology"
        ],
        "sourceUrl": "https://github.com/theShiva/sf-companies",
        "updatedAt": "2026-08-22",
        "checkedAt": "2026-08-22",
        "checkStatus": "unchecked"
      }
    },
    {
      "type": "Feature",
      "geometry": {
        "type": "Point",
        "coordinates": [
          -122.3956934,
          37.7852332
        ]
      },
      "properties": {
        "id": "sf-periscope-data",
        "name": "Periscope Data",
        "nameJa": "Periscope Data",
        "website": "https://www.periscopedata.com/",
        "address": "303 2nd St Building Ste 200, San Francisco, CA 94107",
        "city": "San Francisco",
        "county": "San Francisco County",
        "entityType": "company",
        "japanConnection": "none",
        "scale": "startup",
        "industries": [
          "technology"
        ],
        "sourceUrl": "https://github.com/theShiva/sf-companies",
        "updatedAt": "2026-08-22",
        "checkedAt": "2026-08-22",
        "checkStatus": "unchecked"
      }
    },
    {
      "type": "Feature",
      "geometry": {
        "type": "Point",
        "coordinates": [
          -122.3996591,
          37.7752344
        ]
      },
      "properties": {
        "id": "sf-pinterest",
        "name": "Pinterest",
        "nameJa": "Pinterest",
        "website": "https://www.pinterest.com/",
        "address": "651 Brannan St, San Francisco, CA 94107",
        "city": "San Francisco",
        "county": "San Francisco County",
        "entityType": "company",
        "japanConnection": "none",
        "scale": "growth",
        "industries": [
          "technology"
        ],
        "sourceUrl": "https://github.com/theShiva/sf-companies",
        "updatedAt": "2026-08-22",
        "checkedAt": "2026-08-22",
        "checkStatus": "unchecked"
      }
    },
    {
      "type": "Feature",
      "geometry": {
        "type": "Point",
        "coordinates": [
          -122.4335949,
          37.7511026
        ]
      },
      "properties": {
        "id": "sf-pique-tea",
        "name": "Pique Tea",
        "nameJa": "Pique Tea",
        "website": "https://www.piquetea.com/",
        "address": "4083 24th Street #460610, San Francisco, CA 94114",
        "city": "San Francisco",
        "county": "San Francisco County",
        "entityType": "company",
        "japanConnection": "none",
        "scale": "startup",
        "industries": [
          "technology"
        ],
        "sourceUrl": "https://github.com/theShiva/sf-companies",
        "updatedAt": "2026-08-22",
        "checkedAt": "2026-08-22",
        "checkStatus": "unchecked"
      }
    },
    {
      "type": "Feature",
      "geometry": {
        "type": "Point",
        "coordinates": [
          -122.4011369,
          37.7896855
        ]
      },
      "properties": {
        "id": "sf-plaid",
        "name": "Plaid",
        "nameJa": "Plaid",
        "website": "https://plaid.com/",
        "address": "564 Market St, San Francisco, CA 94104",
        "city": "San Francisco",
        "county": "San Francisco County",
        "entityType": "company",
        "japanConnection": "none",
        "scale": "startup",
        "industries": [
          "technology"
        ],
        "sourceUrl": "https://github.com/theShiva/sf-companies",
        "updatedAt": "2026-08-22",
        "checkedAt": "2026-08-22",
        "checkStatus": "unchecked"
      }
    },
    {
      "type": "Feature",
      "geometry": {
        "type": "Point",
        "coordinates": [
          -122.4111851,
          37.7730633
        ]
      },
      "properties": {
        "id": "sf-planet",
        "name": "Planet",
        "nameJa": "Planet",
        "website": "https://www.planet.com",
        "address": "346 9th Street, San Francisco, CA 94103",
        "city": "San Francisco",
        "county": "San Francisco County",
        "entityType": "company",
        "japanConnection": "none",
        "scale": "startup",
        "industries": [
          "technology"
        ],
        "sourceUrl": "https://github.com/theShiva/sf-companies",
        "updatedAt": "2026-08-22",
        "checkedAt": "2026-08-22",
        "checkStatus": "unchecked"
      }
    },
    {
      "type": "Feature",
      "geometry": {
        "type": "Point",
        "coordinates": [
          -122.419242,
          37.7630374
        ]
      },
      "properties": {
        "id": "sf-plangrid",
        "name": "PlanGrid",
        "nameJa": "PlanGrid",
        "website": "https://www.plangrid.com",
        "address": "2111 Mission St #404, San Francisco, CA 94110",
        "city": "San Francisco",
        "county": "San Francisco County",
        "entityType": "company",
        "japanConnection": "none",
        "scale": "startup",
        "industries": [
          "technology"
        ],
        "sourceUrl": "https://github.com/theShiva/sf-companies",
        "updatedAt": "2026-08-22",
        "checkedAt": "2026-08-22",
        "checkStatus": "unchecked"
      }
    },
    {
      "type": "Feature",
      "geometry": {
        "type": "Point",
        "coordinates": [
          -122.4039973,
          37.7866419
        ]
      },
      "properties": {
        "id": "sf-practice-fusion",
        "name": "Practice Fusion",
        "nameJa": "Practice Fusion",
        "website": "https://www.practicefusion.com",
        "address": "731 Market St #400, San Francisco, CA 94103",
        "city": "San Francisco",
        "county": "San Francisco County",
        "entityType": "company",
        "japanConnection": "none",
        "scale": "growth",
        "industries": [
          "technology"
        ],
        "sourceUrl": "https://github.com/theShiva/sf-companies",
        "updatedAt": "2026-08-22",
        "checkedAt": "2026-08-22",
        "checkStatus": "unchecked"
      }
    },
    {
      "type": "Feature",
      "geometry": {
        "type": "Point",
        "coordinates": [
          -122.4194155,
          37.7749295
        ]
      },
      "properties": {
        "id": "sf-pramp",
        "name": "Pramp",
        "nameJa": "Pramp",
        "website": "https://www.pramp.com/",
        "address": "San Francisco",
        "city": "San Francisco",
        "county": "San Francisco County",
        "entityType": "company",
        "japanConnection": "none",
        "scale": "startup",
        "industries": [
          "technology"
        ],
        "sourceUrl": "https://github.com/theShiva/sf-companies",
        "updatedAt": "2026-08-22",
        "checkedAt": "2026-08-22",
        "checkStatus": "unchecked"
      }
    },
    {
      "type": "Feature",
      "geometry": {
        "type": "Point",
        "coordinates": [
          -122.3971939,
          37.7845165
        ]
      },
      "properties": {
        "id": "sf-prezi",
        "name": "Prezi",
        "nameJa": "Prezi",
        "website": "https://prezi.com/",
        "address": "633 Folsom St, San Francisco, CA 9410",
        "city": "San Francisco",
        "county": "San Francisco County",
        "entityType": "company",
        "japanConnection": "none",
        "scale": "growth",
        "industries": [
          "technology"
        ],
        "sourceUrl": "https://github.com/theShiva/sf-companies",
        "updatedAt": "2026-08-22",
        "checkedAt": "2026-08-22",
        "checkStatus": "unchecked"
      }
    },
    {
      "type": "Feature",
      "geometry": {
        "type": "Point",
        "coordinates": [
          -122.4023469,
          37.7963187
        ]
      },
      "properties": {
        "id": "sf-product-school",
        "name": "Product School",
        "nameJa": "Product School",
        "website": "https://www.productschool.com/",
        "address": "415 Jackson Street Suite B, San Francisco, CA 94111",
        "city": "San Francisco",
        "county": "San Francisco County",
        "entityType": "company",
        "japanConnection": "none",
        "scale": "startup",
        "industries": [
          "technology"
        ],
        "sourceUrl": "https://github.com/theShiva/sf-companies",
        "updatedAt": "2026-08-22",
        "checkedAt": "2026-08-22",
        "checkStatus": "unchecked"
      }
    },
    {
      "type": "Feature",
      "geometry": {
        "type": "Point",
        "coordinates": [
          -122.3942764,
          37.7895269
        ]
      },
      "properties": {
        "id": "sf-prosperworks",
        "name": "Prosperworks",
        "nameJa": "Prosperworks",
        "website": "https://www.prosperworks.com/",
        "address": "301 Howard St #600, San Francisco, CA 94105",
        "city": "San Francisco",
        "county": "San Francisco County",
        "entityType": "company",
        "japanConnection": "none",
        "scale": "startup",
        "industries": [
          "technology"
        ],
        "sourceUrl": "https://github.com/theShiva/sf-companies",
        "updatedAt": "2026-08-22",
        "checkedAt": "2026-08-22",
        "checkStatus": "unchecked"
      }
    },
    {
      "type": "Feature",
      "geometry": {
        "type": "Point",
        "coordinates": [
          -122.3998545,
          37.78844
        ]
      },
      "properties": {
        "id": "sf-qadium",
        "name": "Qadium",
        "nameJa": "Qadium",
        "website": "https://qadium.com/",
        "address": "85 2nd St, San Francisco, CA 94105",
        "city": "San Francisco",
        "county": "San Francisco County",
        "entityType": "company",
        "japanConnection": "none",
        "scale": "startup",
        "industries": [
          "technology"
        ],
        "sourceUrl": "https://github.com/theShiva/sf-companies",
        "updatedAt": "2026-08-22",
        "checkedAt": "2026-08-22",
        "checkStatus": "unchecked"
      }
    },
    {
      "type": "Feature",
      "geometry": {
        "type": "Point",
        "coordinates": [
          -122.4004926,
          37.7821435
        ]
      },
      "properties": {
        "id": "sf-quantcast",
        "name": "Quantcast",
        "nameJa": "Quantcast",
        "website": "https://www.quantcast.com/",
        "address": "795 Folsom St, San Francisco, CA 94107",
        "city": "San Francisco",
        "county": "San Francisco County",
        "entityType": "company",
        "japanConnection": "none",
        "scale": "growth",
        "industries": [
          "technology"
        ],
        "sourceUrl": "https://github.com/theShiva/sf-companies",
        "updatedAt": "2026-08-22",
        "checkedAt": "2026-08-22",
        "checkStatus": "unchecked"
      }
    },
    {
      "type": "Feature",
      "geometry": {
        "type": "Point",
        "coordinates": [
          -122.3958262,
          37.7841256
        ]
      },
      "properties": {
        "id": "sf-quid-inc",
        "name": "Quid Inc",
        "nameJa": "Quid Inc",
        "website": "https://quid.com/",
        "address": "600 Harrison St #400, San Francisco, CA 94107",
        "city": "San Francisco",
        "county": "San Francisco County",
        "entityType": "company",
        "japanConnection": "none",
        "scale": "startup",
        "industries": [
          "technology"
        ],
        "sourceUrl": "https://github.com/theShiva/sf-companies",
        "updatedAt": "2026-08-22",
        "checkedAt": "2026-08-22",
        "checkStatus": "unchecked"
      }
    },
    {
      "type": "Feature",
      "geometry": {
        "type": "Point",
        "coordinates": [
          -122.4012802,
          37.790841
        ]
      },
      "properties": {
        "id": "sf-radius",
        "name": "Radius",
        "nameJa": "Radius",
        "website": "https://radius.com",
        "address": "225 Bush St Floor 12, San Francisco, CA 94104",
        "city": "San Francisco",
        "county": "San Francisco County",
        "entityType": "company",
        "japanConnection": "none",
        "scale": "growth",
        "industries": [
          "technology"
        ],
        "sourceUrl": "https://github.com/theShiva/sf-companies",
        "updatedAt": "2026-08-22",
        "checkedAt": "2026-08-22",
        "checkStatus": "unchecked"
      }
    },
    {
      "type": "Feature",
      "geometry": {
        "type": "Point",
        "coordinates": [
          -122.4190881,
          37.7638686
        ]
      },
      "properties": {
        "id": "sf-raiseme",
        "name": "RaiseMe",
        "nameJa": "RaiseMe",
        "website": "https://www.raise.me",
        "address": "180 Capp St #5, San Francisco, CA 94110",
        "city": "San Francisco",
        "county": "San Francisco County",
        "entityType": "company",
        "japanConnection": "none",
        "scale": "startup",
        "industries": [
          "technology"
        ],
        "sourceUrl": "https://github.com/theShiva/sf-companies",
        "updatedAt": "2026-08-22",
        "checkedAt": "2026-08-22",
        "checkStatus": "unchecked"
      }
    },
    {
      "type": "Feature",
      "geometry": {
        "type": "Point",
        "coordinates": [
          -122.3972472,
          37.787956
        ]
      },
      "properties": {
        "id": "sf-razorfrog",
        "name": "RazorFrog",
        "nameJa": "RazorFrog",
        "website": "https://razorfrog.com/",
        "address": "540 Howard St, San Francisco, CA 94105",
        "city": "San Francisco",
        "county": "San Francisco County",
        "entityType": "company",
        "japanConnection": "none",
        "scale": "growth",
        "industries": [
          "technology"
        ],
        "sourceUrl": "https://github.com/theShiva/sf-companies",
        "updatedAt": "2026-08-22",
        "checkedAt": "2026-08-22",
        "checkStatus": "unchecked"
      }
    },
    {
      "type": "Feature",
      "geometry": {
        "type": "Point",
        "coordinates": [
          -122.4041154,
          37.7900112
        ]
      },
      "properties": {
        "id": "sf-readme",
        "name": "ReadMe",
        "nameJa": "ReadMe",
        "website": "http://readme.io/",
        "address": "209 Kearny St #2, San Francisco, CA 94108",
        "city": "San Francisco",
        "county": "San Francisco County",
        "entityType": "company",
        "japanConnection": "none",
        "scale": "startup",
        "industries": [
          "technology"
        ],
        "sourceUrl": "https://github.com/theShiva/sf-companies",
        "updatedAt": "2026-08-22",
        "checkedAt": "2026-08-22",
        "checkStatus": "unchecked"
      }
    },
    {
      "type": "Feature",
      "geometry": {
        "type": "Point",
        "coordinates": [
          -122.4256964,
          37.777158
        ]
      },
      "properties": {
        "id": "sf-red-bridge-internet",
        "name": "Red Bridge Internet",
        "nameJa": "Red Bridge Internet",
        "website": "https://www.redbridgenet.com",
        "address": "454 Ivy Street, San Francisco, CA 94102",
        "city": "San Francisco",
        "county": "San Francisco County",
        "entityType": "company",
        "japanConnection": "none",
        "scale": "growth",
        "industries": [
          "technology"
        ],
        "sourceUrl": "https://github.com/theShiva/sf-companies",
        "updatedAt": "2026-08-22",
        "checkedAt": "2026-08-22",
        "checkStatus": "unchecked"
      }
    },
    {
      "type": "Feature",
      "geometry": {
        "type": "Point",
        "coordinates": [
          -122.410516,
          37.7825434
        ]
      },
      "properties": {
        "id": "sf-reddit",
        "name": "Reddit",
        "nameJa": "Reddit",
        "website": "https://www.reddit.com/",
        "address": "20 Taylor St, San Francisco, CA 94102",
        "city": "San Francisco",
        "county": "San Francisco County",
        "entityType": "company",
        "japanConnection": "none",
        "scale": "growth",
        "industries": [
          "technology"
        ],
        "sourceUrl": "https://github.com/theShiva/sf-companies",
        "updatedAt": "2026-08-22",
        "checkedAt": "2026-08-22",
        "checkStatus": "unchecked"
      }
    },
    {
      "type": "Feature",
      "geometry": {
        "type": "Point",
        "coordinates": [
          -122.3957134,
          37.7820305
        ]
      },
      "properties": {
        "id": "sf-remind",
        "name": "Remind",
        "nameJa": "Remind",
        "website": "https://www.remind.com",
        "address": "77 Stillman St, San Francisco, CA 94107",
        "city": "San Francisco",
        "county": "San Francisco County",
        "entityType": "company",
        "japanConnection": "none",
        "scale": "startup",
        "industries": [
          "technology"
        ],
        "sourceUrl": "https://github.com/theShiva/sf-companies",
        "updatedAt": "2026-08-22",
        "checkedAt": "2026-08-22",
        "checkStatus": "unchecked"
      }
    },
    {
      "type": "Feature",
      "geometry": {
        "type": "Point",
        "coordinates": [
          -122.4103522,
          37.7776161
        ]
      },
      "properties": {
        "id": "sf-remix",
        "name": "Remix",
        "nameJa": "Remix",
        "website": "https://www.remix.com/",
        "address": "1128 Howard St, San Francisco, CA 94103",
        "city": "San Francisco",
        "county": "San Francisco County",
        "entityType": "company",
        "japanConnection": "none",
        "scale": "startup",
        "industries": [
          "technology"
        ],
        "sourceUrl": "https://github.com/theShiva/sf-companies",
        "updatedAt": "2026-08-22",
        "checkedAt": "2026-08-22",
        "checkStatus": "unchecked"
      }
    },
    {
      "type": "Feature",
      "geometry": {
        "type": "Point",
        "coordinates": [
          -122.4208004,
          37.7635279
        ]
      },
      "properties": {
        "id": "sf-rithm-school",
        "name": "Rithm School",
        "nameJa": "Rithm School",
        "website": "https://www.rithmschool.com/",
        "address": "3338 17th St #100, San Francisco, CA 94110",
        "city": "San Francisco",
        "county": "San Francisco County",
        "entityType": "company",
        "japanConnection": "none",
        "scale": "startup",
        "industries": [
          "technology"
        ],
        "sourceUrl": "https://github.com/theShiva/sf-companies",
        "updatedAt": "2026-08-22",
        "checkedAt": "2026-08-22",
        "checkStatus": "unchecked"
      }
    },
    {
      "type": "Feature",
      "geometry": {
        "type": "Point",
        "coordinates": [
          -122.4166164,
          37.7767687
        ]
      },
      "properties": {
        "id": "sf-runway-incubator",
        "name": "Runway Incubator",
        "nameJa": "Runway Incubator",
        "website": "http://www.runway.is/",
        "address": "1355 Market St #488, San Francisco, CA 94103",
        "city": "San Francisco",
        "county": "San Francisco County",
        "entityType": "company",
        "japanConnection": "none",
        "scale": "startup",
        "industries": [
          "technology"
        ],
        "sourceUrl": "https://github.com/theShiva/sf-companies",
        "updatedAt": "2026-08-22",
        "checkedAt": "2026-08-22",
        "checkStatus": "unchecked"
      }
    },
    {
      "type": "Feature",
      "geometry": {
        "type": "Point",
        "coordinates": [
          -122.3972152,
          37.7905027
        ]
      },
      "properties": {
        "id": "sf-salesforce",
        "name": "Salesforce",
        "nameJa": "Salesforce",
        "website": "https://www.salesforce.com/",
        "address": "50 Fremont St, San Francisco, CA 94105",
        "city": "San Francisco",
        "county": "San Francisco County",
        "entityType": "company",
        "japanConnection": "none",
        "scale": "growth",
        "industries": [
          "technology"
        ],
        "sourceUrl": "https://github.com/theShiva/sf-companies",
        "updatedAt": "2026-08-22",
        "checkedAt": "2026-08-22",
        "checkStatus": "unchecked"
      }
    },
    {
      "type": "Feature",
      "geometry": {
        "type": "Point",
        "coordinates": [
          -122.4056141,
          37.7848142
        ]
      },
      "properties": {
        "id": "sf-salon-media-group",
        "name": "Salon Media Group",
        "nameJa": "Salon Media Group",
        "website": "https://www.salon.com/",
        "address": "22 4th St #11, San Francisco, CA 94103",
        "city": "San Francisco",
        "county": "San Francisco County",
        "entityType": "company",
        "japanConnection": "none",
        "scale": "growth",
        "industries": [
          "technology"
        ],
        "sourceUrl": "https://github.com/theShiva/sf-companies",
        "updatedAt": "2026-08-22",
        "checkedAt": "2026-08-22",
        "checkStatus": "unchecked"
      }
    },
    {
      "type": "Feature",
      "geometry": {
        "type": "Point",
        "coordinates": [
          -122.4022664,
          37.7783869
        ]
      },
      "properties": {
        "id": "sf-sano",
        "name": "Sano",
        "nameJa": "Sano",
        "website": "https://sano.co/",
        "address": "925 Harrison Street, San Francisco, CA 94107",
        "city": "San Francisco",
        "county": "San Francisco County",
        "entityType": "company",
        "japanConnection": "none",
        "scale": "startup",
        "industries": [
          "technology"
        ],
        "sourceUrl": "https://github.com/theShiva/sf-companies",
        "updatedAt": "2026-08-22",
        "checkedAt": "2026-08-22",
        "checkStatus": "unchecked"
      }
    },
    {
      "type": "Feature",
      "geometry": {
        "type": "Point",
        "coordinates": [
          -122.3926168,
          37.7793735
        ]
      },
      "properties": {
        "id": "sf-say-media",
        "name": "Say Media",
        "nameJa": "Say Media",
        "website": "https://www.saymedia.com/",
        "address": "180 Townsend St, San Francisco, CA 94107",
        "city": "San Francisco",
        "county": "San Francisco County",
        "entityType": "company",
        "japanConnection": "none",
        "scale": "growth",
        "industries": [
          "technology"
        ],
        "sourceUrl": "https://github.com/theShiva/sf-companies",
        "updatedAt": "2026-08-22",
        "checkedAt": "2026-08-22",
        "checkStatus": "unchecked"
      }
    },
    {
      "type": "Feature",
      "geometry": {
        "type": "Point",
        "coordinates": [
          -122.403706,
          37.7920602
        ]
      },
      "properties": {
        "id": "sf-scality",
        "name": "Scality",
        "nameJa": "Scality",
        "website": "http://www.scality.com/",
        "address": "555 California St Suite 3050, San Francisco, CA 94104",
        "city": "San Francisco",
        "county": "San Francisco County",
        "entityType": "company",
        "japanConnection": "none",
        "scale": "growth",
        "industries": [
          "technology"
        ],
        "sourceUrl": "https://github.com/theShiva/sf-companies",
        "updatedAt": "2026-08-22",
        "checkedAt": "2026-08-22",
        "checkStatus": "unchecked"
      }
    },
    {
      "type": "Feature",
      "geometry": {
        "type": "Point",
        "coordinates": [
          -122.3970891,
          37.781005
        ]
      },
      "properties": {
        "id": "sf-scripted",
        "name": "Scripted",
        "nameJa": "Scripted",
        "website": "https://www.scripted.com/",
        "address": "135 Stillman St, San Francisco, CA 94107",
        "city": "San Francisco",
        "county": "San Francisco County",
        "entityType": "company",
        "japanConnection": "none",
        "scale": "startup",
        "industries": [
          "technology"
        ],
        "sourceUrl": "https://github.com/theShiva/sf-companies",
        "updatedAt": "2026-08-22",
        "checkedAt": "2026-08-22",
        "checkStatus": "unchecked"
      }
    },
    {
      "type": "Feature",
      "geometry": {
        "type": "Point",
        "coordinates": [
          -122.398062,
          37.793949
        ]
      },
      "properties": {
        "id": "sf-segment",
        "name": "Segment",
        "nameJa": "Segment",
        "website": "https://segment.com",
        "address": "100 California St Suite 700, San Francisco, CA 94111",
        "city": "San Francisco",
        "county": "San Francisco County",
        "entityType": "company",
        "japanConnection": "none",
        "scale": "startup",
        "industries": [
          "technology"
        ],
        "sourceUrl": "https://github.com/theShiva/sf-companies",
        "updatedAt": "2026-08-22",
        "checkedAt": "2026-08-22",
        "checkStatus": "unchecked"
      }
    },
    {
      "type": "Feature",
      "geometry": {
        "type": "Point",
        "coordinates": [
          -122.397363,
          37.783991
        ]
      },
      "properties": {
        "id": "sf-sentry",
        "name": "Sentry",
        "nameJa": "Sentry",
        "website": "https://sentry.io",
        "address": "132 Hawthorne St, San Francisco, CA 94107",
        "city": "San Francisco",
        "county": "San Francisco County",
        "entityType": "company",
        "japanConnection": "none",
        "scale": "startup",
        "industries": [
          "technology"
        ],
        "sourceUrl": "https://github.com/theShiva/sf-companies",
        "updatedAt": "2026-08-22",
        "checkedAt": "2026-08-22",
        "checkStatus": "unchecked"
      }
    },
    {
      "type": "Feature",
      "geometry": {
        "type": "Point",
        "coordinates": [
          -122.3990296,
          37.7905035
        ]
      },
      "properties": {
        "id": "sf-sephora",
        "name": "Sephora",
        "nameJa": "Sephora",
        "website": "https://www.sephora.com/",
        "address": "525 Market St, San Francisco, CA 94105",
        "city": "San Francisco",
        "county": "San Francisco County",
        "entityType": "company",
        "japanConnection": "none",
        "scale": "growth",
        "industries": [
          "technology"
        ],
        "sourceUrl": "https://github.com/theShiva/sf-companies",
        "updatedAt": "2026-08-22",
        "checkedAt": "2026-08-22",
        "checkStatus": "unchecked"
      }
    },
    {
      "type": "Feature",
      "geometry": {
        "type": "Point",
        "coordinates": [
          -122.396539,
          37.7878341
        ]
      },
      "properties": {
        "id": "sf-shogun",
        "name": "Shogun",
        "nameJa": "Shogun",
        "website": "http://www.shoguninc.com/",
        "address": "527 Howard Street Floor 3, San Francisco, CA 94105",
        "city": "San Francisco",
        "county": "San Francisco County",
        "entityType": "company",
        "japanConnection": "none",
        "scale": "startup",
        "industries": [
          "technology"
        ],
        "sourceUrl": "https://github.com/theShiva/sf-companies",
        "updatedAt": "2026-08-22",
        "checkedAt": "2026-08-22",
        "checkStatus": "unchecked"
      }
    },
    {
      "type": "Feature",
      "geometry": {
        "type": "Point",
        "coordinates": [
          -122.4012726,
          37.7885853
        ]
      },
      "properties": {
        "id": "sf-shopify",
        "name": "Shopify",
        "nameJa": "Shopify",
        "website": "https://www.shopify.com/",
        "address": "33 New Montgomery St. Ste 750, San Francisco, CA 94105",
        "city": "San Francisco",
        "county": "San Francisco County",
        "entityType": "company",
        "japanConnection": "none",
        "scale": "growth",
        "industries": [
          "technology"
        ],
        "sourceUrl": "https://github.com/theShiva/sf-companies",
        "updatedAt": "2026-08-22",
        "checkedAt": "2026-08-22",
        "checkStatus": "unchecked"
      }
    },
    {
      "type": "Feature",
      "geometry": {
        "type": "Point",
        "coordinates": [
          -122.3944315,
          37.7918328
        ]
      },
      "properties": {
        "id": "sf-sift-science",
        "name": "Sift Science",
        "nameJa": "Sift Science",
        "website": "https://siftscience.com",
        "address": "123 Mission St #2000, San Francisco, CA 94105",
        "city": "San Francisco",
        "county": "San Francisco County",
        "entityType": "company",
        "japanConnection": "none",
        "scale": "startup",
        "industries": [
          "technology"
        ],
        "sourceUrl": "https://github.com/theShiva/sf-companies",
        "updatedAt": "2026-08-22",
        "checkedAt": "2026-08-22",
        "checkStatus": "unchecked"
      }
    },
    {
      "type": "Feature",
      "geometry": {
        "type": "Point",
        "coordinates": [
          -122.4025986,
          37.798597
        ]
      },
      "properties": {
        "id": "sf-sight-machine",
        "name": "Sight Machine",
        "nameJa": "Sight Machine",
        "website": "http://sightmachine.com/",
        "address": "300 Broadway #28, San Francisco, CA 94133",
        "city": "San Francisco",
        "county": "San Francisco County",
        "entityType": "company",
        "japanConnection": "none",
        "scale": "startup",
        "industries": [
          "technology"
        ],
        "sourceUrl": "https://github.com/theShiva/sf-companies",
        "updatedAt": "2026-08-22",
        "checkedAt": "2026-08-22",
        "checkStatus": "unchecked"
      }
    },
    {
      "type": "Feature",
      "geometry": {
        "type": "Point",
        "coordinates": [
          -122.4007582,
          37.800349
        ]
      },
      "properties": {
        "id": "sf-sindeo",
        "name": "Sindeo",
        "nameJa": "Sindeo",
        "website": "https://www.sindeo.com/",
        "address": "69 Green Street, San Francisco, CA 94111",
        "city": "San Francisco",
        "county": "San Francisco County",
        "entityType": "company",
        "japanConnection": "none",
        "scale": "startup",
        "industries": [
          "technology"
        ],
        "sourceUrl": "https://github.com/theShiva/sf-companies",
        "updatedAt": "2026-08-22",
        "checkedAt": "2026-08-22",
        "checkStatus": "unchecked"
      }
    },
    {
      "type": "Feature",
      "geometry": {
        "type": "Point",
        "coordinates": [
          -122.4052253,
          37.7823802
        ]
      },
      "properties": {
        "id": "sf-slack",
        "name": "Slack",
        "nameJa": "Slack",
        "website": "https://slack.com/",
        "address": "155 5th St, San Francisco, CA 94103",
        "city": "San Francisco",
        "county": "San Francisco County",
        "entityType": "company",
        "japanConnection": "none",
        "scale": "growth",
        "industries": [
          "technology"
        ],
        "sourceUrl": "https://github.com/theShiva/sf-companies",
        "updatedAt": "2026-08-22",
        "checkedAt": "2026-08-22",
        "checkStatus": "unchecked"
      }
    },
    {
      "type": "Feature",
      "geometry": {
        "type": "Point",
        "coordinates": [
          -122.3919665,
          37.791226
        ]
      },
      "properties": {
        "id": "sf-slalom-consulting",
        "name": "Slalom Consulting",
        "nameJa": "Slalom Consulting",
        "website": "https://www.slalom.com/",
        "address": "201 Spear St #1550, San Francisco, CA 94105",
        "city": "San Francisco",
        "county": "San Francisco County",
        "entityType": "company",
        "japanConnection": "none",
        "scale": "growth",
        "industries": [
          "technology"
        ],
        "sourceUrl": "https://github.com/theShiva/sf-companies",
        "updatedAt": "2026-08-22",
        "checkedAt": "2026-08-22",
        "checkStatus": "unchecked"
      }
    },
    {
      "type": "Feature",
      "geometry": {
        "type": "Point",
        "coordinates": [
          -122.4025894,
          37.7667845
        ]
      },
      "properties": {
        "id": "sf-smarking",
        "name": "Smarking",
        "nameJa": "Smarking",
        "website": "https://www.smarking.com/",
        "address": "251 Rhode Island St. Suite 203, San Francisco, CA 94103",
        "city": "San Francisco",
        "county": "San Francisco County",
        "entityType": "company",
        "japanConnection": "none",
        "scale": "startup",
        "industries": [
          "technology"
        ],
        "sourceUrl": "https://github.com/theShiva/sf-companies",
        "updatedAt": "2026-08-22",
        "checkedAt": "2026-08-22",
        "checkStatus": "unchecked"
      }
    },
    {
      "type": "Feature",
      "geometry": {
        "type": "Point",
        "coordinates": [
          -122.4032279,
          37.7933978
        ]
      },
      "properties": {
        "id": "sf-smartbiz-loans",
        "name": "SmartBiz Loans",
        "nameJa": "SmartBiz Loans",
        "website": "https://www.smartbizloans.com/",
        "address": "417 Montgomery Street, San Francisco, CA 94104",
        "city": "San Francisco",
        "county": "San Francisco County",
        "entityType": "company",
        "japanConnection": "none",
        "scale": "startup",
        "industries": [
          "technology"
        ],
        "sourceUrl": "https://github.com/theShiva/sf-companies",
        "updatedAt": "2026-08-22",
        "checkedAt": "2026-08-22",
        "checkStatus": "unchecked"
      }
    },
    {
      "type": "Feature",
      "geometry": {
        "type": "Point",
        "coordinates": [
          -122.4499506,
          37.8003215
        ]
      },
      "properties": {
        "id": "sf-sofi",
        "name": "SoFi",
        "nameJa": "SoFi",
        "website": "https://www.sofi.com/",
        "address": "1 Letterman Dr #4700 Building A, San Francisco, CA 94129",
        "city": "San Francisco",
        "county": "San Francisco County",
        "entityType": "company",
        "japanConnection": "none",
        "scale": "startup",
        "industries": [
          "technology"
        ],
        "sourceUrl": "https://github.com/theShiva/sf-companies",
        "updatedAt": "2026-08-22",
        "checkedAt": "2026-08-22",
        "checkStatus": "unchecked"
      }
    },
    {
      "type": "Feature",
      "geometry": {
        "type": "Point",
        "coordinates": [
          -122.4227411,
          37.7775067
        ]
      },
      "properties": {
        "id": "sf-sonder",
        "name": "Sonder",
        "nameJa": "Sonder",
        "website": "https://www.sonder.com/",
        "address": "292 Ivy St, San Francisco, CA 94103",
        "city": "San Francisco",
        "county": "San Francisco County",
        "entityType": "company",
        "japanConnection": "none",
        "scale": "startup",
        "industries": [
          "technology"
        ],
        "sourceUrl": "https://github.com/theShiva/sf-companies",
        "updatedAt": "2026-08-22",
        "checkedAt": "2026-08-22",
        "checkStatus": "unchecked"
      }
    },
    {
      "type": "Feature",
      "geometry": {
        "type": "Point",
        "coordinates": [
          -122.400835,
          37.7625707
        ]
      },
      "properties": {
        "id": "sf-spark-program",
        "name": "Spark Program",
        "nameJa": "Spark Program",
        "website": "http://sparkprogram.org/",
        "address": "555 De Haro Street, Suite 330, San Francisco, CA 94107",
        "city": "San Francisco",
        "county": "San Francisco County",
        "entityType": "company",
        "japanConnection": "none",
        "scale": "growth",
        "industries": [
          "technology"
        ],
        "sourceUrl": "https://github.com/theShiva/sf-companies",
        "updatedAt": "2026-08-22",
        "checkedAt": "2026-08-22",
        "checkStatus": "unchecked"
      }
    },
    {
      "type": "Feature",
      "geometry": {
        "type": "Point",
        "coordinates": [
          -122.4052114,
          37.7929116
        ]
      },
      "properties": {
        "id": "sf-sparkcentral",
        "name": "Sparkcentral",
        "nameJa": "Sparkcentral",
        "website": "https://www.sparkcentral.com/",
        "address": "650 California St, San Francisco, CA 94108",
        "city": "San Francisco",
        "county": "San Francisco County",
        "entityType": "company",
        "japanConnection": "none",
        "scale": "startup",
        "industries": [
          "technology"
        ],
        "sourceUrl": "https://github.com/theShiva/sf-companies",
        "updatedAt": "2026-08-22",
        "checkedAt": "2026-08-22",
        "checkStatus": "unchecked"
      }
    },
    {
      "type": "Feature",
      "geometry": {
        "type": "Point",
        "coordinates": [
          -122.3917753,
          37.7831542
        ]
      },
      "properties": {
        "id": "sf-splunk",
        "name": "Splunk",
        "nameJa": "Splunk",
        "website": "https://www.splunk.com/",
        "address": "270 Brannan St, San Francisco, CA 94107",
        "city": "San Francisco",
        "county": "San Francisco County",
        "entityType": "company",
        "japanConnection": "none",
        "scale": "growth",
        "industries": [
          "technology"
        ],
        "sourceUrl": "https://github.com/theShiva/sf-companies",
        "updatedAt": "2026-08-22",
        "checkedAt": "2026-08-22",
        "checkStatus": "unchecked"
      }
    },
    {
      "type": "Feature",
      "geometry": {
        "type": "Point",
        "coordinates": [
          -122.4103063,
          37.7827325
        ]
      },
      "properties": {
        "id": "sf-spotify",
        "name": "Spotify",
        "nameJa": "Spotify",
        "website": "https://www.spotifyjobs.com/location/san-francisco/",
        "address": "988 Market St, San Francisco, CA 94102",
        "city": "San Francisco",
        "county": "San Francisco County",
        "entityType": "company",
        "japanConnection": "none",
        "scale": "growth",
        "industries": [
          "technology"
        ],
        "sourceUrl": "https://github.com/theShiva/sf-companies",
        "updatedAt": "2026-08-22",
        "checkedAt": "2026-08-22",
        "checkStatus": "unchecked"
      }
    },
    {
      "type": "Feature",
      "geometry": {
        "type": "Point",
        "coordinates": [
          -122.4175278,
          37.7752315
        ]
      },
      "properties": {
        "id": "sf-square",
        "name": "Square",
        "nameJa": "Square",
        "website": "https://squareup.com/",
        "address": "1455 Market St #600, San Francisco, CA 94103",
        "city": "San Francisco",
        "county": "San Francisco County",
        "entityType": "company",
        "japanConnection": "none",
        "scale": "growth",
        "industries": [
          "technology"
        ],
        "sourceUrl": "https://github.com/theShiva/sf-companies",
        "updatedAt": "2026-08-22",
        "checkedAt": "2026-08-22",
        "checkStatus": "unchecked"
      }
    },
    {
      "type": "Feature",
      "geometry": {
        "type": "Point",
        "coordinates": [
          -122.4196706,
          37.7647661
        ]
      },
      "properties": {
        "id": "sf-stamen-design",
        "name": "Stamen Design",
        "nameJa": "Stamen Design",
        "website": "https://stamen.com/",
        "address": "2017 Mission St, San Francisco, CA 94103",
        "city": "San Francisco",
        "county": "San Francisco County",
        "entityType": "company",
        "japanConnection": "none",
        "scale": "growth",
        "industries": [
          "technology"
        ],
        "sourceUrl": "https://github.com/theShiva/sf-companies",
        "updatedAt": "2026-08-22",
        "checkedAt": "2026-08-22",
        "checkStatus": "unchecked"
      }
    },
    {
      "type": "Feature",
      "geometry": {
        "type": "Point",
        "coordinates": [
          -122.4057459,
          37.7791728
        ]
      },
      "properties": {
        "id": "sf-stich-labs",
        "name": "Stich Labs",
        "nameJa": "Stich Labs",
        "website": "https://www.stitchlabs.com/",
        "address": "489 Clementina St, San Francisco, CA 94103",
        "city": "San Francisco",
        "county": "San Francisco County",
        "entityType": "company",
        "japanConnection": "none",
        "scale": "startup",
        "industries": [
          "technology"
        ],
        "sourceUrl": "https://github.com/theShiva/sf-companies",
        "updatedAt": "2026-08-22",
        "checkedAt": "2026-08-22",
        "checkStatus": "unchecked"
      }
    },
    {
      "type": "Feature",
      "geometry": {
        "type": "Point",
        "coordinates": [
          -122.4034422,
          37.789205
        ]
      },
      "properties": {
        "id": "sf-stitch-fix",
        "name": "Stitch Fix",
        "nameJa": "Stitch Fix",
        "website": "https://www.stitchfix.com",
        "address": "1 Montgomery tower, San Francisco, CA 94104",
        "city": "San Francisco",
        "county": "San Francisco County",
        "entityType": "company",
        "japanConnection": "none",
        "scale": "startup",
        "industries": [
          "technology"
        ],
        "sourceUrl": "https://github.com/theShiva/sf-companies",
        "updatedAt": "2026-08-22",
        "checkedAt": "2026-08-22",
        "checkStatus": "unchecked"
      }
    },
    {
      "type": "Feature",
      "geometry": {
        "type": "Point",
        "coordinates": [
          -122.3920385,
          37.776503
        ]
      },
      "properties": {
        "id": "sf-stripe",
        "name": "Stripe",
        "nameJa": "Stripe",
        "website": "https://stripe.com/",
        "address": "185 Berry St #550, San Francisco, CA 94107",
        "city": "San Francisco",
        "county": "San Francisco County",
        "entityType": "company",
        "japanConnection": "none",
        "scale": "startup",
        "industries": [
          "technology"
        ],
        "sourceUrl": "https://github.com/theShiva/sf-companies",
        "updatedAt": "2026-08-22",
        "checkedAt": "2026-08-22",
        "checkStatus": "unchecked"
      }
    },
    {
      "type": "Feature",
      "geometry": {
        "type": "Point",
        "coordinates": [
          -122.3947812,
          37.7898733
        ]
      },
      "properties": {
        "id": "sf-stubhub",
        "name": "StubHub",
        "nameJa": "StubHub",
        "website": "https://www.stubhub.com/",
        "address": "199 Fremont St, San Francisco, CA 94105",
        "city": "San Francisco",
        "county": "San Francisco County",
        "entityType": "company",
        "japanConnection": "none",
        "scale": "growth",
        "industries": [
          "technology"
        ],
        "sourceUrl": "https://github.com/theShiva/sf-companies",
        "updatedAt": "2026-08-22",
        "checkedAt": "2026-08-22",
        "checkStatus": "unchecked"
      }
    },
    {
      "type": "Feature",
      "geometry": {
        "type": "Point",
        "coordinates": [
          -122.3921786,
          37.781405
        ]
      },
      "properties": {
        "id": "sf-stumbleupon",
        "name": "StumbleUpon",
        "nameJa": "StumbleUpon",
        "website": "http://corp.stumbleupon.com/",
        "address": "301 Brannan St, San Francisco, CA 94107",
        "city": "San Francisco",
        "county": "San Francisco County",
        "entityType": "company",
        "japanConnection": "none",
        "scale": "growth",
        "industries": [
          "technology"
        ],
        "sourceUrl": "https://github.com/theShiva/sf-companies",
        "updatedAt": "2026-08-22",
        "checkedAt": "2026-08-22",
        "checkStatus": "unchecked"
      }
    },
    {
      "type": "Feature",
      "geometry": {
        "type": "Point",
        "coordinates": [
          -122.4177942,
          37.773495
        ]
      },
      "properties": {
        "id": "sf-swift-navigation",
        "name": "Swift Navigation",
        "nameJa": "Swift Navigation",
        "website": "https://www.swiftnav.com/",
        "address": "1543 Mission St, San Francisco, CA 94103",
        "city": "San Francisco",
        "county": "San Francisco County",
        "entityType": "company",
        "japanConnection": "none",
        "scale": "startup",
        "industries": [
          "technology"
        ],
        "sourceUrl": "https://github.com/theShiva/sf-companies",
        "updatedAt": "2026-08-22",
        "checkedAt": "2026-08-22",
        "checkStatus": "unchecked"
      }
    },
    {
      "type": "Feature",
      "geometry": {
        "type": "Point",
        "coordinates": [
          -122.3919665,
          37.791226
        ]
      },
      "properties": {
        "id": "sf-swiftly",
        "name": "Swiftly",
        "nameJa": "Swiftly",
        "website": "https://www.goswift.ly/",
        "address": "201 Spear St Suite 1600, San Francisco, CA 94105",
        "city": "San Francisco",
        "county": "San Francisco County",
        "entityType": "company",
        "japanConnection": "none",
        "scale": "startup",
        "industries": [
          "technology"
        ],
        "sourceUrl": "https://github.com/theShiva/sf-companies",
        "updatedAt": "2026-08-22",
        "checkedAt": "2026-08-22",
        "checkStatus": "unchecked"
      }
    },
    {
      "type": "Feature",
      "geometry": {
        "type": "Point",
        "coordinates": [
          -122.4067089,
          37.786345
        ]
      },
      "properties": {
        "id": "sf-swrve",
        "name": "Swrve",
        "nameJa": "Swrve",
        "website": "https://www.swrve.com/",
        "address": "55 Stockton St #400, San Francisco, CA 94108",
        "city": "San Francisco",
        "county": "San Francisco County",
        "entityType": "company",
        "japanConnection": "none",
        "scale": "startup",
        "industries": [
          "technology"
        ],
        "sourceUrl": "https://github.com/theShiva/sf-companies",
        "updatedAt": "2026-08-22",
        "checkedAt": "2026-08-22",
        "checkStatus": "unchecked"
      }
    },
    {
      "type": "Feature",
      "geometry": {
        "type": "Point",
        "coordinates": [
          -122.394425,
          37.7843118
        ]
      },
      "properties": {
        "id": "sf-taskrabbit",
        "name": "TaskRabbit",
        "nameJa": "TaskRabbit",
        "website": "https://www.taskrabbit.com/",
        "address": "425 2nd St, San Francisco, CA 94107",
        "city": "San Francisco",
        "county": "San Francisco County",
        "entityType": "company",
        "japanConnection": "none",
        "scale": "growth",
        "industries": [
          "technology"
        ],
        "sourceUrl": "https://github.com/theShiva/sf-companies",
        "updatedAt": "2026-08-22",
        "checkedAt": "2026-08-22",
        "checkStatus": "unchecked"
      }
    },
    {
      "type": "Feature",
      "geometry": {
        "type": "Point",
        "coordinates": [
          -122.3948213,
          37.7790603
        ]
      },
      "properties": {
        "id": "sf-techsoup",
        "name": "TechSoup",
        "nameJa": "TechSoup",
        "website": "http://www.techsoup.org/",
        "address": "435 Brannan St, San Francisco, CA 94107",
        "city": "San Francisco",
        "county": "San Francisco County",
        "entityType": "company",
        "japanConnection": "none",
        "scale": "growth",
        "industries": [
          "technology"
        ],
        "sourceUrl": "https://github.com/theShiva/sf-companies",
        "updatedAt": "2026-08-22",
        "checkedAt": "2026-08-22",
        "checkStatus": "unchecked"
      }
    },
    {
      "type": "Feature",
      "geometry": {
        "type": "Point",
        "coordinates": [
          -122.3952986,
          37.7822101
        ]
      },
      "properties": {
        "id": "sf-teespring",
        "name": "Teespring",
        "nameJa": "Teespring",
        "website": "https://teespring.com/",
        "address": "460 Bryant St #200, San Francisco, CA 94107",
        "city": "San Francisco",
        "county": "San Francisco County",
        "entityType": "company",
        "japanConnection": "none",
        "scale": "startup",
        "industries": [
          "technology"
        ],
        "sourceUrl": "https://github.com/theShiva/sf-companies",
        "updatedAt": "2026-08-22",
        "checkedAt": "2026-08-22",
        "checkStatus": "unchecked"
      }
    },
    {
      "type": "Feature",
      "geometry": {
        "type": "Point",
        "coordinates": [
          -122.4194155,
          37.7749295
        ]
      },
      "properties": {
        "id": "sf-tetra",
        "name": "Tetra",
        "nameJa": "Tetra",
        "website": "https://asktetra.com",
        "address": "San Francisco",
        "city": "San Francisco",
        "county": "San Francisco County",
        "entityType": "company",
        "japanConnection": "none",
        "scale": "startup",
        "industries": [
          "technology"
        ],
        "sourceUrl": "https://github.com/theShiva/sf-companies",
        "updatedAt": "2026-08-22",
        "checkedAt": "2026-08-22",
        "checkStatus": "unchecked"
      }
    },
    {
      "type": "Feature",
      "geometry": {
        "type": "Point",
        "coordinates": [
          -122.4031453,
          37.7656671
        ]
      },
      "properties": {
        "id": "sf-thirdlove",
        "name": "Thirdlove",
        "nameJa": "Thirdlove",
        "website": "https://www.thirdlove.com/",
        "address": "350 Rhode Island St, San Francisco, CA 94103",
        "city": "San Francisco",
        "county": "San Francisco County",
        "entityType": "company",
        "japanConnection": "none",
        "scale": "startup",
        "industries": [
          "technology"
        ],
        "sourceUrl": "https://github.com/theShiva/sf-companies",
        "updatedAt": "2026-08-22",
        "checkedAt": "2026-08-22",
        "checkStatus": "unchecked"
      }
    },
    {
      "type": "Feature",
      "geometry": {
        "type": "Point",
        "coordinates": [
          -122.3942764,
          37.7895269
        ]
      },
      "properties": {
        "id": "sf-thousandeyes",
        "name": "ThousandEyes",
        "nameJa": "ThousandEyes",
        "website": "https://www.thousandeyes.com/",
        "address": "301 Howard St Suite 1700, San Francisco, CA 94105",
        "city": "San Francisco",
        "county": "San Francisco County",
        "entityType": "company",
        "japanConnection": "none",
        "scale": "startup",
        "industries": [
          "technology"
        ],
        "sourceUrl": "https://github.com/theShiva/sf-companies",
        "updatedAt": "2026-08-22",
        "checkedAt": "2026-08-22",
        "checkStatus": "unchecked"
      }
    },
    {
      "type": "Feature",
      "geometry": {
        "type": "Point",
        "coordinates": [
          -122.4166164,
          37.7767687
        ]
      },
      "properties": {
        "id": "sf-thumbtack",
        "name": "Thumbtack",
        "nameJa": "Thumbtack",
        "website": "https://www.thumbtack.com",
        "address": "1355 Market St, San Francisco, CA 94103",
        "city": "San Francisco",
        "county": "San Francisco County",
        "entityType": "company",
        "japanConnection": "none",
        "scale": "growth",
        "industries": [
          "technology"
        ],
        "sourceUrl": "https://github.com/theShiva/sf-companies",
        "updatedAt": "2026-08-22",
        "checkedAt": "2026-08-22",
        "checkStatus": "unchecked"
      }
    },
    {
      "type": "Feature",
      "geometry": {
        "type": "Point",
        "coordinates": [
          -122.4060763,
          37.7908087
        ]
      },
      "properties": {
        "id": "sf-thunder",
        "name": "Thunder",
        "nameJa": "Thunder",
        "website": "https://www.makethunder.com/",
        "address": "530 Bush Street, San Francisco, CA 94108",
        "city": "San Francisco",
        "county": "San Francisco County",
        "entityType": "company",
        "japanConnection": "none",
        "scale": "growth",
        "industries": [
          "technology"
        ],
        "sourceUrl": "https://github.com/theShiva/sf-companies",
        "updatedAt": "2026-08-22",
        "checkedAt": "2026-08-22",
        "checkStatus": "unchecked"
      }
    },
    {
      "type": "Feature",
      "geometry": {
        "type": "Point",
        "coordinates": [
          -122.3968171,
          37.7760672
        ]
      },
      "properties": {
        "id": "sf-tilt",
        "name": "Tilt",
        "nameJa": "Tilt",
        "website": "https://www.tilt.com/",
        "address": "370 Townsend St, San Francisco, CA 94107",
        "city": "San Francisco",
        "county": "San Francisco County",
        "entityType": "company",
        "japanConnection": "none",
        "scale": "startup",
        "industries": [
          "technology"
        ],
        "sourceUrl": "https://github.com/theShiva/sf-companies",
        "updatedAt": "2026-08-22",
        "checkedAt": "2026-08-22",
        "checkStatus": "unchecked"
      }
    },
    {
      "type": "Feature",
      "geometry": {
        "type": "Point",
        "coordinates": [
          -122.4168552,
          37.7638249
        ]
      },
      "properties": {
        "id": "sf-townsquared",
        "name": "Townsquared",
        "nameJa": "Townsquared",
        "website": "https://townsquared.com/",
        "address": "3180 17th St, San Francisco, CA 94110",
        "city": "San Francisco",
        "county": "San Francisco County",
        "entityType": "company",
        "japanConnection": "none",
        "scale": "startup",
        "industries": [
          "technology"
        ],
        "sourceUrl": "https://github.com/theShiva/sf-companies",
        "updatedAt": "2026-08-22",
        "checkedAt": "2026-08-22",
        "checkStatus": "unchecked"
      }
    },
    {
      "type": "Feature",
      "geometry": {
        "type": "Point",
        "coordinates": [
          -122.4192551,
          37.790485
        ]
      },
      "properties": {
        "id": "sf-traction",
        "name": "Traction",
        "nameJa": "Traction",
        "website": "https://www.tractionco.com/",
        "address": "1349 Larkin Street, San Francisco, CA 94109",
        "city": "San Francisco",
        "county": "San Francisco County",
        "entityType": "company",
        "japanConnection": "none",
        "scale": "growth",
        "industries": [
          "technology"
        ],
        "sourceUrl": "https://github.com/theShiva/sf-companies",
        "updatedAt": "2026-08-22",
        "checkedAt": "2026-08-22",
        "checkStatus": "unchecked"
      }
    },
    {
      "type": "Feature",
      "geometry": {
        "type": "Point",
        "coordinates": [
          -122.4008674,
          37.7867329
        ]
      },
      "properties": {
        "id": "sf-tradecraft",
        "name": "Tradecraft",
        "nameJa": "Tradecraft",
        "website": "http://tradecraft.com/",
        "address": "150 Minna St, San Francisco, CA 94105",
        "city": "San Francisco",
        "county": "San Francisco County",
        "entityType": "company",
        "japanConnection": "none",
        "scale": "startup",
        "industries": [
          "technology"
        ],
        "sourceUrl": "https://github.com/theShiva/sf-companies",
        "updatedAt": "2026-08-22",
        "checkedAt": "2026-08-22",
        "checkStatus": "unchecked"
      }
    },
    {
      "type": "Feature",
      "geometry": {
        "type": "Point",
        "coordinates": [
          -122.4007507,
          37.790099
        ]
      },
      "properties": {
        "id": "sf-trendmedia",
        "name": "trendmedia",
        "nameJa": "trendmedia",
        "website": "http://trendmedia.com/",
        "address": "1 Sutter Street Suite 201, San Francisco, CA 94104",
        "city": "San Francisco",
        "county": "San Francisco County",
        "entityType": "company",
        "japanConnection": "none",
        "scale": "growth",
        "industries": [
          "technology"
        ],
        "sourceUrl": "https://github.com/theShiva/sf-companies",
        "updatedAt": "2026-08-22",
        "checkedAt": "2026-08-22",
        "checkStatus": "unchecked"
      }
    },
    {
      "type": "Feature",
      "geometry": {
        "type": "Point",
        "coordinates": [
          -122.3918058,
          37.778621
        ]
      },
      "properties": {
        "id": "sf-triplebyte",
        "name": "Triplebyte",
        "nameJa": "Triplebyte",
        "website": "https://triplebyte.com/",
        "address": "188 King St, San Francisco, CA 94107",
        "city": "San Francisco",
        "county": "San Francisco County",
        "entityType": "company",
        "japanConnection": "none",
        "scale": "startup",
        "industries": [
          "technology"
        ],
        "sourceUrl": "https://github.com/theShiva/sf-companies",
        "updatedAt": "2026-08-22",
        "checkedAt": "2026-08-22",
        "checkStatus": "unchecked"
      }
    },
    {
      "type": "Feature",
      "geometry": {
        "type": "Point",
        "coordinates": [
          -122.3980914,
          37.7888898
        ]
      },
      "properties": {
        "id": "sf-trulia",
        "name": "Trulia",
        "nameJa": "Trulia",
        "website": "https://www.trulia.com/",
        "address": "535 Mission Street Suite 700, San Francisco, CA 94105",
        "city": "San Francisco",
        "county": "San Francisco County",
        "entityType": "company",
        "japanConnection": "none",
        "scale": "growth",
        "industries": [
          "technology"
        ],
        "sourceUrl": "https://github.com/theShiva/sf-companies",
        "updatedAt": "2026-08-22",
        "checkedAt": "2026-08-22",
        "checkStatus": "unchecked"
      }
    },
    {
      "type": "Feature",
      "geometry": {
        "type": "Point",
        "coordinates": [
          -122.4012794,
          37.7867844
        ]
      },
      "properties": {
        "id": "sf-turo",
        "name": "Turo",
        "nameJa": "Turo",
        "website": "https://turo.com/",
        "address": "667 Mission St, San Francisco, CA 94105",
        "city": "San Francisco",
        "county": "San Francisco County",
        "entityType": "company",
        "japanConnection": "none",
        "scale": "growth",
        "industries": [
          "technology"
        ],
        "sourceUrl": "https://github.com/theShiva/sf-companies",
        "updatedAt": "2026-08-22",
        "checkedAt": "2026-08-22",
        "checkStatus": "unchecked"
      }
    },
    {
      "type": "Feature",
      "geometry": {
        "type": "Point",
        "coordinates": [
          -122.3954409,
          37.7777394
        ]
      },
      "properties": {
        "id": "sf-twentythree",
        "name": "TwentyThree",
        "nameJa": "TwentyThree",
        "website": "https://www.twentythree.net/",
        "address": "655 4th Street, San Francisco, CA 94107",
        "city": "San Francisco",
        "county": "San Francisco County",
        "entityType": "company",
        "japanConnection": "none",
        "scale": "growth",
        "industries": [
          "technology"
        ],
        "sourceUrl": "https://github.com/theShiva/sf-companies",
        "updatedAt": "2026-08-22",
        "checkedAt": "2026-08-22",
        "checkStatus": "unchecked"
      }
    },
    {
      "type": "Feature",
      "geometry": {
        "type": "Point",
        "coordinates": [
          -122.3915205,
          37.7880121
        ]
      },
      "properties": {
        "id": "sf-twilio",
        "name": "Twilio",
        "nameJa": "Twilio",
        "website": "https://www.twilio.com/",
        "address": "375 Beale St, San Francisco, CA 94105",
        "city": "San Francisco",
        "county": "San Francisco County",
        "entityType": "company",
        "japanConnection": "none",
        "scale": "growth",
        "industries": [
          "technology"
        ],
        "sourceUrl": "https://github.com/theShiva/sf-companies",
        "updatedAt": "2026-08-22",
        "checkedAt": "2026-08-22",
        "checkStatus": "unchecked"
      }
    },
    {
      "type": "Feature",
      "geometry": {
        "type": "Point",
        "coordinates": [
          -122.4175278,
          37.7752315
        ]
      },
      "properties": {
        "id": "sf-uber",
        "name": "Uber",
        "nameJa": "Uber",
        "website": "https://www.uber.com/",
        "address": "1455 Market St #400, San Francisco, CA 94103",
        "city": "San Francisco",
        "county": "San Francisco County",
        "entityType": "company",
        "japanConnection": "none",
        "scale": "growth",
        "industries": [
          "technology"
        ],
        "sourceUrl": "https://github.com/theShiva/sf-companies",
        "updatedAt": "2026-08-22",
        "checkedAt": "2026-08-22",
        "checkStatus": "unchecked"
      }
    },
    {
      "type": "Feature",
      "geometry": {
        "type": "Point",
        "coordinates": [
          -122.401375,
          37.7927976
        ]
      },
      "properties": {
        "id": "sf-upgrade",
        "name": "Upgrade",
        "nameJa": "Upgrade",
        "website": "http://www.upgrade.com/",
        "address": "425 California Street, San Francisco, CA 94104",
        "city": "San Francisco",
        "county": "San Francisco County",
        "entityType": "company",
        "japanConnection": "none",
        "scale": "startup",
        "industries": [
          "technology"
        ],
        "sourceUrl": "https://github.com/theShiva/sf-companies",
        "updatedAt": "2026-08-22",
        "checkedAt": "2026-08-22",
        "checkStatus": "unchecked"
      }
    },
    {
      "type": "Feature",
      "geometry": {
        "type": "Point",
        "coordinates": [
          -122.3944602,
          37.7869805
        ]
      },
      "properties": {
        "id": "sf-upsight",
        "name": "Upsight",
        "nameJa": "Upsight",
        "website": "http://www.upsight.com/",
        "address": "501 Folsom St, San Francisco, CA 94105",
        "city": "San Francisco",
        "county": "San Francisco County",
        "entityType": "company",
        "japanConnection": "none",
        "scale": "growth",
        "industries": [
          "technology"
        ],
        "sourceUrl": "https://github.com/theShiva/sf-companies",
        "updatedAt": "2026-08-22",
        "checkedAt": "2026-08-22",
        "checkStatus": "unchecked"
      }
    },
    {
      "type": "Feature",
      "geometry": {
        "type": "Point",
        "coordinates": [
          -122.4194155,
          37.7749295
        ]
      },
      "properties": {
        "id": "sf-urbansitter",
        "name": "UrbanSitter",
        "nameJa": "UrbanSitter",
        "website": "https://www.urbansitter.com/",
        "address": "San Francisco",
        "city": "San Francisco",
        "county": "San Francisco County",
        "entityType": "company",
        "japanConnection": "none",
        "scale": "startup",
        "industries": [
          "technology"
        ],
        "sourceUrl": "https://github.com/theShiva/sf-companies",
        "updatedAt": "2026-08-22",
        "checkedAt": "2026-08-22",
        "checkStatus": "unchecked"
      }
    },
    {
      "type": "Feature",
      "geometry": {
        "type": "Point",
        "coordinates": [
          -122.3976532,
          37.7753293
        ]
      },
      "properties": {
        "id": "sf-user-testing-inc",
        "name": "User Testing Inc.",
        "nameJa": "User Testing Inc.",
        "website": "https://www.usertesting.com/",
        "address": "690 5th St, San Francisco, CA 94107",
        "city": "San Francisco",
        "county": "San Francisco County",
        "entityType": "company",
        "japanConnection": "none",
        "scale": "growth",
        "industries": [
          "technology"
        ],
        "sourceUrl": "https://github.com/theShiva/sf-companies",
        "updatedAt": "2026-08-22",
        "checkedAt": "2026-08-22",
        "checkStatus": "unchecked"
      }
    },
    {
      "type": "Feature",
      "geometry": {
        "type": "Point",
        "coordinates": [
          -122.4018261,
          37.7950775
        ]
      },
      "properties": {
        "id": "sf-viglink",
        "name": "Viglink",
        "nameJa": "Viglink",
        "website": "http://www.viglink.com/",
        "address": "505 Sansome St Suite 1450, San Francisco, CA 94111",
        "city": "San Francisco",
        "county": "San Francisco County",
        "entityType": "company",
        "japanConnection": "none",
        "scale": "growth",
        "industries": [
          "technology"
        ],
        "sourceUrl": "https://github.com/theShiva/sf-companies",
        "updatedAt": "2026-08-22",
        "checkedAt": "2026-08-22",
        "checkStatus": "unchecked"
      }
    },
    {
      "type": "Feature",
      "geometry": {
        "type": "Point",
        "coordinates": [
          -122.3945361,
          37.7796035
        ]
      },
      "properties": {
        "id": "sf-vitagene",
        "name": "Vitagene",
        "nameJa": "Vitagene",
        "website": "https://vitagene.com/",
        "address": "415 Brannan St, San Francisco, CA 94107",
        "city": "San Francisco",
        "county": "San Francisco County",
        "entityType": "company",
        "japanConnection": "none",
        "scale": "startup",
        "industries": [
          "technology"
        ],
        "sourceUrl": "https://github.com/theShiva/sf-companies",
        "updatedAt": "2026-08-22",
        "checkedAt": "2026-08-22",
        "checkStatus": "unchecked"
      }
    },
    {
      "type": "Feature",
      "geometry": {
        "type": "Point",
        "coordinates": [
          -122.3952279,
          37.7815071
        ]
      },
      "properties": {
        "id": "sf-voiceops",
        "name": "Voiceops",
        "nameJa": "Voiceops",
        "website": "https://voiceops.com/",
        "address": "483 Bryant St, San Francisco, CA 94107",
        "city": "San Francisco",
        "county": "San Francisco County",
        "entityType": "company",
        "japanConnection": "none",
        "scale": "startup",
        "industries": [
          "technology"
        ],
        "sourceUrl": "https://github.com/theShiva/sf-companies",
        "updatedAt": "2026-08-22",
        "checkedAt": "2026-08-22",
        "checkStatus": "unchecked"
      }
    },
    {
      "type": "Feature",
      "geometry": {
        "type": "Point",
        "coordinates": [
          -122.4253514,
          37.7699896
        ]
      },
      "properties": {
        "id": "sf-wake",
        "name": "Wake",
        "nameJa": "Wake",
        "website": "https://wake.com",
        "address": "1939 Market St, San Francisco, CA 94103",
        "city": "San Francisco",
        "county": "San Francisco County",
        "entityType": "company",
        "japanConnection": "none",
        "scale": "startup",
        "industries": [
          "technology"
        ],
        "sourceUrl": "https://github.com/theShiva/sf-companies",
        "updatedAt": "2026-08-22",
        "checkedAt": "2026-08-22",
        "checkStatus": "unchecked"
      }
    },
    {
      "type": "Feature",
      "geometry": {
        "type": "Point",
        "coordinates": [
          -122.4118899,
          37.7645638
        ]
      },
      "properties": {
        "id": "sf-wanelo",
        "name": "Wanelo",
        "nameJa": "Wanelo",
        "website": "https://wanelo.com/",
        "address": "375 Alabama St #400, San Francisco, CA 94110",
        "city": "San Francisco",
        "county": "San Francisco County",
        "entityType": "company",
        "japanConnection": "none",
        "scale": "startup",
        "industries": [
          "technology"
        ],
        "sourceUrl": "https://github.com/theShiva/sf-companies",
        "updatedAt": "2026-08-22",
        "checkedAt": "2026-08-22",
        "checkStatus": "unchecked"
      }
    },
    {
      "type": "Feature",
      "geometry": {
        "type": "Point",
        "coordinates": [
          -122.4155185,
          37.7631598
        ]
      },
      "properties": {
        "id": "sf-watsi",
        "name": "Watsi",
        "nameJa": "Watsi",
        "website": "https://watsi.org/",
        "address": "2132 Folsom St #2, San Francisco, CA 94110",
        "city": "San Francisco",
        "county": "San Francisco County",
        "entityType": "company",
        "japanConnection": "none",
        "scale": "startup",
        "industries": [
          "technology"
        ],
        "sourceUrl": "https://github.com/theShiva/sf-companies",
        "updatedAt": "2026-08-22",
        "checkedAt": "2026-08-22",
        "checkStatus": "unchecked"
      }
    },
    {
      "type": "Feature",
      "geometry": {
        "type": "Point",
        "coordinates": [
          -122.4068881,
          37.7669057
        ]
      },
      "properties": {
        "id": "sf-webflow",
        "name": "Webflow",
        "nameJa": "Webflow",
        "website": "https://webflow.com",
        "address": "208 Utah St #210, San Francisco, CA 94103",
        "city": "San Francisco",
        "county": "San Francisco County",
        "entityType": "company",
        "japanConnection": "none",
        "scale": "startup",
        "industries": [
          "technology"
        ],
        "sourceUrl": "https://github.com/theShiva/sf-companies",
        "updatedAt": "2026-08-22",
        "checkedAt": "2026-08-22",
        "checkStatus": "unchecked"
      }
    },
    {
      "type": "Feature",
      "geometry": {
        "type": "Point",
        "coordinates": [
          -122.3952986,
          37.7822101
        ]
      },
      "properties": {
        "id": "sf-weebly",
        "name": "Weebly",
        "nameJa": "Weebly",
        "website": "https://www.weebly.com/",
        "address": "460 Bryant St, San Francisco, CA 94107",
        "city": "San Francisco",
        "county": "San Francisco County",
        "entityType": "company",
        "japanConnection": "none",
        "scale": "growth",
        "industries": [
          "technology"
        ],
        "sourceUrl": "https://github.com/theShiva/sf-companies",
        "updatedAt": "2026-08-22",
        "checkedAt": "2026-08-22",
        "checkStatus": "unchecked"
      }
    },
    {
      "type": "Feature",
      "geometry": {
        "type": "Point",
        "coordinates": [
          -122.398354,
          37.7827069
        ]
      },
      "properties": {
        "id": "sf-wikia",
        "name": "Wikia",
        "nameJa": "Wikia",
        "website": "http://www.wikia.com/fandom",
        "address": "360 3rd St #750, San Francisco, CA 94107",
        "city": "San Francisco",
        "county": "San Francisco County",
        "entityType": "company",
        "japanConnection": "none",
        "scale": "growth",
        "industries": [
          "technology"
        ],
        "sourceUrl": "https://github.com/theShiva/sf-companies",
        "updatedAt": "2026-08-22",
        "checkedAt": "2026-08-22",
        "checkStatus": "unchecked"
      }
    },
    {
      "type": "Feature",
      "geometry": {
        "type": "Point",
        "coordinates": [
          -122.4194155,
          37.7749295
        ]
      },
      "properties": {
        "id": "sf-wish",
        "name": "Wish",
        "nameJa": "Wish",
        "website": "https://www.wish.com/",
        "address": "San Francisco",
        "city": "San Francisco",
        "county": "San Francisco County",
        "entityType": "company",
        "japanConnection": "none",
        "scale": "startup",
        "industries": [
          "technology"
        ],
        "sourceUrl": "https://github.com/theShiva/sf-companies",
        "updatedAt": "2026-08-22",
        "checkedAt": "2026-08-22",
        "checkStatus": "unchecked"
      }
    },
    {
      "type": "Feature",
      "geometry": {
        "type": "Point",
        "coordinates": [
          -122.4027705,
          37.7934575
        ]
      },
      "properties": {
        "id": "sf-wizeline",
        "name": "Wizeline",
        "nameJa": "Wizeline",
        "website": "https://www.wizeline.com/",
        "address": "456 Montgomery St #2200, San Francisco, CA 94104",
        "city": "San Francisco",
        "county": "San Francisco County",
        "entityType": "company",
        "japanConnection": "none",
        "scale": "startup",
        "industries": [
          "technology"
        ],
        "sourceUrl": "https://github.com/theShiva/sf-companies",
        "updatedAt": "2026-08-22",
        "checkedAt": "2026-08-22",
        "checkStatus": "unchecked"
      }
    },
    {
      "type": "Feature",
      "geometry": {
        "type": "Point",
        "coordinates": [
          -122.3910251,
          37.7798265
        ]
      },
      "properties": {
        "id": "sf-womply",
        "name": "Womply",
        "nameJa": "Womply",
        "website": "http://www.womply.com/",
        "address": "135 Townsend St #300, San Francisco, CA 94107",
        "city": "San Francisco",
        "county": "San Francisco County",
        "entityType": "company",
        "japanConnection": "none",
        "scale": "startup",
        "industries": [
          "technology"
        ],
        "sourceUrl": "https://github.com/theShiva/sf-companies",
        "updatedAt": "2026-08-22",
        "checkedAt": "2026-08-22",
        "checkStatus": "unchecked"
      }
    },
    {
      "type": "Feature",
      "geometry": {
        "type": "Point",
        "coordinates": [
          -122.4194155,
          37.7749295
        ]
      },
      "properties": {
        "id": "sf-wonderschool",
        "name": "Wonderschool",
        "nameJa": "Wonderschool",
        "website": "https://www.wonderschool.com/",
        "address": "San Francisco",
        "city": "San Francisco",
        "county": "San Francisco County",
        "entityType": "company",
        "japanConnection": "none",
        "scale": "startup",
        "industries": [
          "technology"
        ],
        "sourceUrl": "https://github.com/theShiva/sf-companies",
        "updatedAt": "2026-08-22",
        "checkedAt": "2026-08-22",
        "checkStatus": "unchecked"
      }
    },
    {
      "type": "Feature",
      "geometry": {
        "type": "Point",
        "coordinates": [
          -122.4166164,
          37.7767687
        ]
      },
      "properties": {
        "id": "sf-yammer",
        "name": "Yammer",
        "nameJa": "Yammer",
        "website": "https://www.yammer.com/",
        "address": "1355 Market St, San Francisco, CA 94103",
        "city": "San Francisco",
        "county": "San Francisco County",
        "entityType": "company",
        "japanConnection": "none",
        "scale": "growth",
        "industries": [
          "technology"
        ],
        "sourceUrl": "https://github.com/theShiva/sf-companies",
        "updatedAt": "2026-08-22",
        "checkedAt": "2026-08-22",
        "checkStatus": "unchecked"
      }
    },
    {
      "type": "Feature",
      "geometry": {
        "type": "Point",
        "coordinates": [
          -122.3999719,
          37.7866619
        ]
      },
      "properties": {
        "id": "sf-yelp",
        "name": "Yelp",
        "nameJa": "Yelp",
        "website": "https://www.yelpblog.com/",
        "address": "140 New Montgomery St, San Francisco, CA 94105",
        "city": "San Francisco",
        "county": "San Francisco County",
        "entityType": "company",
        "japanConnection": "none",
        "scale": "growth",
        "industries": [
          "technology"
        ],
        "sourceUrl": "https://github.com/theShiva/sf-companies",
        "updatedAt": "2026-08-22",
        "checkedAt": "2026-08-22",
        "checkStatus": "unchecked"
      }
    },
    {
      "type": "Feature",
      "geometry": {
        "type": "Point",
        "coordinates": [
          -122.4034061,
          37.7971573
        ]
      },
      "properties": {
        "id": "sf-zedo",
        "name": "Zedo",
        "nameJa": "Zedo",
        "website": "https://www.zedo.com",
        "address": "850 Montgomery St, San Francisco, CA 94133",
        "city": "San Francisco",
        "county": "San Francisco County",
        "entityType": "company",
        "japanConnection": "none",
        "scale": "growth",
        "industries": [
          "technology"
        ],
        "sourceUrl": "https://github.com/theShiva/sf-companies",
        "updatedAt": "2026-08-22",
        "checkedAt": "2026-08-22",
        "checkStatus": "unchecked"
      }
    },
    {
      "type": "Feature",
      "geometry": {
        "type": "Point",
        "coordinates": [
          -122.4104437,
          37.7815796
        ]
      },
      "properties": {
        "id": "sf-zendesk",
        "name": "Zendesk",
        "nameJa": "Zendesk",
        "website": "https://www.zendesk.com/",
        "address": "1019 Market St, San Francisco, CA 94103",
        "city": "San Francisco",
        "county": "San Francisco County",
        "entityType": "company",
        "japanConnection": "none",
        "scale": "growth",
        "industries": [
          "technology"
        ],
        "sourceUrl": "https://github.com/theShiva/sf-companies",
        "updatedAt": "2026-08-22",
        "checkedAt": "2026-08-22",
        "checkStatus": "unchecked"
      }
    },
    {
      "type": "Feature",
      "geometry": {
        "type": "Point",
        "coordinates": [
          -122.3959019,
          37.7816148
        ]
      },
      "properties": {
        "id": "sf-zendrive",
        "name": "Zendrive",
        "nameJa": "Zendrive",
        "website": "https://www.zendrive.com/",
        "address": "495 3rd Street, San Francisco, CA 94107",
        "city": "San Francisco",
        "county": "San Francisco County",
        "entityType": "company",
        "japanConnection": "none",
        "scale": "startup",
        "industries": [
          "technology"
        ],
        "sourceUrl": "https://github.com/theShiva/sf-companies",
        "updatedAt": "2026-08-22",
        "checkedAt": "2026-08-22",
        "checkStatus": "unchecked"
      }
    },
    {
      "type": "Feature",
      "geometry": {
        "type": "Point",
        "coordinates": [
          -122.406912,
          37.781002
        ]
      },
      "properties": {
        "id": "sf-zenput",
        "name": "Zenput",
        "nameJa": "Zenput",
        "website": "https://www.zenput.com/",
        "address": "454 Natoma St, San Francisco, CA 94103",
        "city": "San Francisco",
        "county": "San Francisco County",
        "entityType": "company",
        "japanConnection": "none",
        "scale": "startup",
        "industries": [
          "technology"
        ],
        "sourceUrl": "https://github.com/theShiva/sf-companies",
        "updatedAt": "2026-08-22",
        "checkedAt": "2026-08-22",
        "checkStatus": "unchecked"
      }
    },
    {
      "type": "Feature",
      "geometry": {
        "type": "Point",
        "coordinates": [
          -122.4499506,
          37.8003215
        ]
      },
      "properties": {
        "id": "sf-zenreach",
        "name": "Zenreach",
        "nameJa": "Zenreach",
        "website": "https://www.zenreach.com/",
        "address": "1 Letterman Dr Building C3500, San Francisco, CA 94129",
        "city": "San Francisco",
        "county": "San Francisco County",
        "entityType": "company",
        "japanConnection": "none",
        "scale": "startup",
        "industries": [
          "technology"
        ],
        "sourceUrl": "https://github.com/theShiva/sf-companies",
        "updatedAt": "2026-08-22",
        "checkedAt": "2026-08-22",
        "checkStatus": "unchecked"
      }
    },
    {
      "type": "Feature",
      "geometry": {
        "type": "Point",
        "coordinates": [
          -122.3966824,
          37.7812893
        ]
      },
      "properties": {
        "id": "sf-zerocater",
        "name": "ZeroCater",
        "nameJa": "ZeroCater",
        "website": "https://zerocater.com/",
        "address": "115 Stillman St, San Francisco, CA 94107",
        "city": "San Francisco",
        "county": "San Francisco County",
        "entityType": "company",
        "japanConnection": "none",
        "scale": "growth",
        "industries": [
          "technology"
        ],
        "sourceUrl": "https://github.com/theShiva/sf-companies",
        "updatedAt": "2026-08-22",
        "checkedAt": "2026-08-22",
        "checkStatus": "unchecked"
      }
    },
    {
      "type": "Feature",
      "geometry": {
        "type": "Point",
        "coordinates": [
          -122.4099073,
          37.7821874
        ]
      },
      "properties": {
        "id": "sf-zignal-labs",
        "name": "Zignal Labs",
        "nameJa": "Zignal Labs",
        "website": "http://zignallabs.com/",
        "address": "995 Market St, San Francisco, CA 94103",
        "city": "San Francisco",
        "county": "San Francisco County",
        "entityType": "company",
        "japanConnection": "none",
        "scale": "startup",
        "industries": [
          "technology"
        ],
        "sourceUrl": "https://github.com/theShiva/sf-companies",
        "updatedAt": "2026-08-22",
        "checkedAt": "2026-08-22",
        "checkStatus": "unchecked"
      }
    },
    {
      "type": "Feature",
      "geometry": {
        "type": "Point",
        "coordinates": [
          -122.4010512,
          37.7882423
        ]
      },
      "properties": {
        "id": "sf-zinc",
        "name": "Zinc",
        "nameJa": "Zinc",
        "website": "https://www.zinc.it/",
        "address": "55 New Montgomery St Suite #888, San Francisco, CA 94105",
        "city": "San Francisco",
        "county": "San Francisco County",
        "entityType": "company",
        "japanConnection": "none",
        "scale": "startup",
        "industries": [
          "technology"
        ],
        "sourceUrl": "https://github.com/theShiva/sf-companies",
        "updatedAt": "2026-08-22",
        "checkedAt": "2026-08-22",
        "checkStatus": "unchecked"
      }
    },
    {
      "type": "Feature",
      "geometry": {
        "type": "Point",
        "coordinates": [
          -122.4095987,
          37.8077574
        ]
      },
      "properties": {
        "id": "sf-zozi",
        "name": "Zozi",
        "nameJa": "Zozi",
        "website": "https://www.zozi.com/",
        "address": "1 Beach St #300, San Francisco, CA 94133",
        "city": "San Francisco",
        "county": "San Francisco County",
        "entityType": "company",
        "japanConnection": "none",
        "scale": "growth",
        "industries": [
          "technology"
        ],
        "sourceUrl": "https://github.com/theShiva/sf-companies",
        "updatedAt": "2026-08-22",
        "checkedAt": "2026-08-22",
        "checkStatus": "unchecked"
      }
    },
    {
      "type": "Feature",
      "geometry": {
        "type": "Point",
        "coordinates": [
          -122.4042883,
          37.787698
        ]
      },
      "properties": {
        "id": "sf-zumper",
        "name": "Zumper",
        "nameJa": "Zumper",
        "website": "https://www.zumper.com/",
        "address": "49 Geary St #350, San Francisco, CA 94108",
        "city": "San Francisco",
        "county": "San Francisco County",
        "entityType": "company",
        "japanConnection": "none",
        "scale": "startup",
        "industries": [
          "technology"
        ],
        "sourceUrl": "https://github.com/theShiva/sf-companies",
        "updatedAt": "2026-08-22",
        "checkedAt": "2026-08-22",
        "checkStatus": "unchecked"
      }
    },
    {
      "type": "Feature",
      "geometry": {
        "type": "Point",
        "coordinates": [
          -122.4041406,
          37.7704448
        ]
      },
      "properties": {
        "id": "sf-zynga",
        "name": "Zynga",
        "nameJa": "Zynga",
        "website": "https://www.zynga.com/",
        "address": "699 8th St, San Francisco, CA 94103",
        "city": "San Francisco",
        "county": "San Francisco County",
        "entityType": "company",
        "japanConnection": "none",
        "scale": "growth",
        "industries": [
          "technology"
        ],
        "sourceUrl": "https://github.com/theShiva/sf-companies",
        "updatedAt": "2026-08-22",
        "checkedAt": "2026-08-22",
        "checkStatus": "unchecked"
      }
    },
    {
      "type": "Feature",
      "geometry": {
        "type": "Point",
        "coordinates": [
          -122.0164,
          37.5934
        ]
      },
      "properties": {
        "id": "fanuc-america",
        "name": "FANUC America",
        "nameJa": "ファナックアメリカ",
        "website": "https://www.fanucamerica.com/",
        "address": "Union City, CA (approx.)",
        "city": "Union City",
        "county": "Alameda County",
        "entityType": "company",
        "japanConnection": "japan-headquartered",
        "scale": "large",
        "industries": [
          "robotics",
          "manufacturing"
        ],
        "sourceUrl": "https://www.fanucamerica.com/",
        "updatedAt": "2026-08-22",
        "checkedAt": "2026-08-22",
        "checkStatus": "unchecked"
      }
    },
    {
      "type": "Feature",
      "geometry": {
        "type": "Point",
        "coordinates": [
          -122.0808,
          37.6688
        ]
      },
      "properties": {
        "id": "makita-usa",
        "name": "Makita USA",
        "nameJa": "マキタUSA",
        "website": "https://www.makitatools.com/",
        "address": "Hayward, CA (approx.)",
        "city": "Hayward",
        "county": "Alameda County",
        "entityType": "company",
        "japanConnection": "japan-headquartered",
        "scale": "large",
        "industries": [
          "tools",
          "manufacturing"
        ],
        "sourceUrl": "https://www.makitatools.com/",
        "updatedAt": "2026-08-22",
        "checkedAt": "2026-08-22",
        "checkStatus": "unchecked"
      }
    },
    {
      "type": "Feature",
      "geometry": {
        "type": "Point",
        "coordinates": [
          -121.8863,
          37.3382
        ]
      },
      "properties": {
        "id": "canon-usa",
        "name": "Canon USA",
        "nameJa": "キヤノンUSA",
        "website": "https://www.usa.canon.com/",
        "address": "San Jose, CA (approx.)",
        "city": "San Jose",
        "county": "Santa Clara County",
        "entityType": "company",
        "japanConnection": "japan-headquartered",
        "scale": "large",
        "industries": [
          "imaging",
          "electronics"
        ],
        "sourceUrl": "https://www.usa.canon.com/",
        "updatedAt": "2026-08-22",
        "checkedAt": "2026-08-22",
        "checkStatus": "unchecked"
      }
    },
    {
      "type": "Feature",
      "geometry": {
        "type": "Point",
        "coordinates": [
          -121.8863,
          37.3382
        ]
      },
      "properties": {
        "id": "epson-america",
        "name": "Epson America",
        "nameJa": "エプソンアメリカ",
        "website": "https://epson.com/",
        "address": "San Jose, CA (approx.)",
        "city": "San Jose",
        "county": "Santa Clara County",
        "entityType": "company",
        "japanConnection": "japan-headquartered",
        "scale": "large",
        "industries": [
          "imaging",
          "electronics"
        ],
        "sourceUrl": "https://epson.com/",
        "updatedAt": "2026-08-22",
        "checkedAt": "2026-08-22",
        "checkStatus": "unchecked"
      }
    },
    {
      "type": "Feature",
      "geometry": {
        "type": "Point",
        "coordinates": [
          -121.9789,
          37.7799
        ]
      },
      "properties": {
        "id": "kyocera-document-solutions",
        "name": "Kyocera Document Solutions",
        "nameJa": "京セラドキュメントソリューションズ",
        "website": "https://www.kyoceradocumentsolutions.us/",
        "address": "San Ramon, CA (approx.)",
        "city": "San Ramon",
        "county": "Contra Costa County",
        "entityType": "company",
        "japanConnection": "japan-headquartered",
        "scale": "large",
        "industries": [
          "imaging",
          "electronics"
        ],
        "sourceUrl": "https://www.kyoceradocumentsolutions.us/",
        "updatedAt": "2026-08-22",
        "checkedAt": "2026-08-22",
        "checkStatus": "unchecked"
      }
    },
    {
      "type": "Feature",
      "geometry": {
        "type": "Point",
        "coordinates": [
          -121.8863,
          37.3382
        ]
      },
      "properties": {
        "id": "agc-electronics-america",
        "name": "AGC Electronics America",
        "nameJa": "AGCエレクトロニクスアメリカ",
        "website": "https://www.agc.com/",
        "address": "San Jose, CA (approx.)",
        "city": "San Jose",
        "county": "Santa Clara County",
        "entityType": "company",
        "japanConnection": "japan-headquartered",
        "scale": "large",
        "industries": [
          "materials",
          "manufacturing"
        ],
        "sourceUrl": "https://www.agc.com/",
        "updatedAt": "2026-08-22",
        "checkedAt": "2026-08-22",
        "checkStatus": "unchecked"
      }
    },
    {
      "type": "Feature",
      "geometry": {
        "type": "Point",
        "coordinates": [
          -121.8863,
          37.3382
        ]
      },
      "properties": {
        "id": "shin-etsu-microsi",
        "name": "Shin-Etsu MicroSi",
        "nameJa": "信越マイクロシ",
        "website": "https://www.microsi.com/",
        "address": "San Jose, CA (approx.)",
        "city": "San Jose",
        "county": "Santa Clara County",
        "entityType": "company",
        "japanConnection": "japan-headquartered",
        "scale": "large",
        "industries": [
          "semiconductors",
          "materials"
        ],
        "sourceUrl": "https://www.microsi.com/",
        "updatedAt": "2026-08-22",
        "checkedAt": "2026-08-22",
        "checkStatus": "unchecked"
      }
    },
    {
      "type": "Feature",
      "geometry": {
        "type": "Point",
        "coordinates": [
          -121.9547,
          37.3541
        ]
      },
      "properties": {
        "id": "tokyo-electron-america",
        "name": "Tokyo Electron America",
        "nameJa": "東京エレクトロンアメリカ",
        "website": "https://www.tel.com/",
        "address": "Santa Clara, CA (approx.)",
        "city": "Santa Clara",
        "county": "Santa Clara County",
        "entityType": "company",
        "japanConnection": "japan-headquartered",
        "scale": "large",
        "industries": [
          "semiconductors",
          "manufacturing"
        ],
        "sourceUrl": "https://www.tel.com/",
        "updatedAt": "2026-08-22",
        "checkedAt": "2026-08-22",
        "checkStatus": "unchecked"
      }
    },
    {
      "type": "Feature",
      "geometry": {
        "type": "Point",
        "coordinates": [
          -121.8863,
          37.3382
        ]
      },
      "properties": {
        "id": "toshiba-america-electronic-components",
        "name": "Toshiba America Electronic Components",
        "nameJa": "東芝エレクトロニックコンポーネンツ",
        "website": "https://toshiba.semicon-storage.com/us/",
        "address": "San Jose, CA (approx.)",
        "city": "San Jose",
        "county": "Santa Clara County",
        "entityType": "company",
        "japanConnection": "japan-headquartered",
        "scale": "large",
        "industries": [
          "semiconductors",
          "electronics"
        ],
        "sourceUrl": "https://toshiba.semicon-storage.com/us/",
        "updatedAt": "2026-08-22",
        "checkedAt": "2026-08-22",
        "checkStatus": "unchecked"
      }
    },
    {
      "type": "Feature",
      "geometry": {
        "type": "Point",
        "coordinates": [
          -122.0389,
          37.3688
        ]
      },
      "properties": {
        "id": "jsr-micro",
        "name": "JSR Micro",
        "nameJa": "JSRマイクロ",
        "website": "https://www.jsrmicro.com/",
        "address": "Sunnyvale, CA (approx.)",
        "city": "Sunnyvale",
        "county": "Santa Clara County",
        "entityType": "company",
        "japanConnection": "japan-headquartered",
        "scale": "large",
        "industries": [
          "semiconductors",
          "materials"
        ],
        "sourceUrl": "https://www.jsrmicro.com/",
        "updatedAt": "2026-08-22",
        "checkedAt": "2026-08-22",
        "checkStatus": "unchecked"
      }
    },
    {
      "type": "Feature",
      "geometry": {
        "type": "Point",
        "coordinates": [
          -121.9886,
          37.5485
        ]
      },
      "properties": {
        "id": "tok-america",
        "name": "TOK America",
        "nameJa": "TOKアメリカ",
        "website": "https://www.tokamerica.com/",
        "address": "Fremont, CA (approx.)",
        "city": "Fremont",
        "county": "Alameda County",
        "entityType": "company",
        "japanConnection": "japan-headquartered",
        "scale": "large",
        "industries": [
          "semiconductors",
          "materials"
        ],
        "sourceUrl": "https://www.tokamerica.com/",
        "updatedAt": "2026-08-22",
        "checkedAt": "2026-08-22",
        "checkStatus": "unchecked"
      }
    },
    {
      "type": "Feature",
      "geometry": {
        "type": "Point",
        "coordinates": [
          -122.0389,
          37.3688
        ]
      },
      "properties": {
        "id": "screen-spe-usa",
        "name": "SCREEN SPE USA",
        "nameJa": "スクリーンSPE USA",
        "website": "https://www.screen.co.jp/spe/en/",
        "address": "Sunnyvale, CA (approx.)",
        "city": "Sunnyvale",
        "county": "Santa Clara County",
        "entityType": "company",
        "japanConnection": "japan-headquartered",
        "scale": "large",
        "industries": [
          "semiconductors",
          "manufacturing"
        ],
        "sourceUrl": "https://www.screen.co.jp/spe/en/",
        "updatedAt": "2026-08-22",
        "checkedAt": "2026-08-22",
        "checkStatus": "unchecked"
      }
    },
    {
      "type": "Feature",
      "geometry": {
        "type": "Point",
        "coordinates": [
          -121.9547,
          37.3541
        ]
      },
      "properties": {
        "id": "disco-hi-tec-america",
        "name": "DISCO Hi-Tec America",
        "nameJa": "ディスコハイテクアメリカ",
        "website": "https://www.disco.co.jp/eg/",
        "address": "Santa Clara, CA (approx.)",
        "city": "Santa Clara",
        "county": "Santa Clara County",
        "entityType": "company",
        "japanConnection": "japan-headquartered",
        "scale": "large",
        "industries": [
          "semiconductors",
          "manufacturing"
        ],
        "sourceUrl": "https://www.disco.co.jp/eg/",
        "updatedAt": "2026-08-22",
        "checkedAt": "2026-08-22",
        "checkStatus": "unchecked"
      }
    },
    {
      "type": "Feature",
      "geometry": {
        "type": "Point",
        "coordinates": [
          -121.9066,
          37.4323
        ]
      },
      "properties": {
        "id": "hoya-corporation-usa",
        "name": "HOYA Corporation USA",
        "nameJa": "HOYAコーポレーションUSA",
        "website": "https://www.hoya.com/",
        "address": "Milpitas, CA (approx.)",
        "city": "Milpitas",
        "county": "Santa Clara County",
        "entityType": "company",
        "japanConnection": "japan-headquartered",
        "scale": "large",
        "industries": [
          "optics",
          "manufacturing"
        ],
        "sourceUrl": "https://www.hoya.com/",
        "updatedAt": "2026-08-22",
        "checkedAt": "2026-08-22",
        "checkStatus": "unchecked"
      }
    },
    {
      "type": "Feature",
      "geometry": {
        "type": "Point",
        "coordinates": [
          -121.8863,
          37.3382
        ]
      },
      "properties": {
        "id": "olympus-america",
        "name": "Olympus America",
        "nameJa": "オリンパスアメリカ",
        "website": "https://www.olympusamerica.com/",
        "address": "San Jose, CA (approx.)",
        "city": "San Jose",
        "county": "Santa Clara County",
        "entityType": "company",
        "japanConnection": "japan-headquartered",
        "scale": "large",
        "industries": [
          "medical-devices",
          "imaging"
        ],
        "sourceUrl": "https://www.olympusamerica.com/",
        "updatedAt": "2026-08-22",
        "checkedAt": "2026-08-22",
        "checkStatus": "unchecked"
      }
    },
    {
      "type": "Feature",
      "geometry": {
        "type": "Point",
        "coordinates": [
          -121.8863,
          37.3382
        ]
      },
      "properties": {
        "id": "takara-bio-usa",
        "name": "Takara Bio USA",
        "nameJa": "タカラバイオUSA",
        "website": "https://www.takarabio.com/",
        "address": "San Jose, CA (approx.)",
        "city": "San Jose",
        "county": "Santa Clara County",
        "entityType": "company",
        "japanConnection": "japan-headquartered",
        "scale": "large",
        "industries": [
          "biotechnology",
          "life-sciences"
        ],
        "sourceUrl": "https://www.takarabio.com/",
        "updatedAt": "2026-08-22",
        "checkedAt": "2026-08-22",
        "checkStatus": "unchecked"
      }
    },
    {
      "type": "Feature",
      "geometry": {
        "type": "Point",
        "coordinates": [
          -122.2919,
          37.8374
        ]
      },
      "properties": {
        "id": "santen",
        "name": "Santen",
        "nameJa": "参天製薬",
        "website": "https://www.santen.com/us/",
        "address": "Emeryville, CA (approx.)",
        "city": "Emeryville",
        "county": "Alameda County",
        "entityType": "company",
        "japanConnection": "japan-headquartered",
        "scale": "large",
        "industries": [
          "biotechnology",
          "healthcare"
        ],
        "sourceUrl": "https://www.santen.com/us/",
        "updatedAt": "2026-08-22",
        "checkedAt": "2026-08-22",
        "checkStatus": "unchecked"
      }
    },
    {
      "type": "Feature",
      "geometry": {
        "type": "Point",
        "coordinates": [
          -122.3255,
          37.563
        ]
      },
      "properties": {
        "id": "rakuten-medical",
        "name": "Rakuten Medical",
        "nameJa": "楽天メディカル",
        "website": "https://rakuten-med.com/",
        "address": "San Mateo, CA (approx.)",
        "city": "San Mateo",
        "county": "San Mateo County",
        "entityType": "company",
        "japanConnection": "japan-headquartered",
        "scale": "large",
        "industries": [
          "biotechnology",
          "healthcare"
        ],
        "sourceUrl": "https://rakuten-med.com/",
        "updatedAt": "2026-08-22",
        "checkedAt": "2026-08-22",
        "checkStatus": "unchecked"
      }
    },
    {
      "type": "Feature",
      "geometry": {
        "type": "Point",
        "coordinates": [
          -122.4066,
          37.6547
        ]
      },
      "properties": {
        "id": "chugai-pharmabody-research",
        "name": "Chugai Pharmabody Research",
        "nameJa": "中外ファーマボディ・リサーチ",
        "website": "https://www.chugai-pharmabody.com/",
        "address": "South San Francisco, CA (approx.)",
        "city": "South San Francisco",
        "county": "San Mateo County",
        "entityType": "company",
        "japanConnection": "japan-headquartered",
        "scale": "large",
        "industries": [
          "biotechnology",
          "life-sciences"
        ],
        "sourceUrl": "https://www.chugai-pharmabody.com/",
        "updatedAt": "2026-08-22",
        "checkedAt": "2026-08-22",
        "checkStatus": "unchecked"
      }
    },
    {
      "type": "Feature",
      "geometry": {
        "type": "Point",
        "coordinates": [
          -121.8863,
          37.3382
        ]
      },
      "properties": {
        "id": "mitsubishi-chemical-america",
        "name": "Mitsubishi Chemical America",
        "nameJa": "三菱ケミカルアメリカ",
        "website": "https://www.mcam.com/",
        "address": "San Jose, CA (approx.)",
        "city": "San Jose",
        "county": "Santa Clara County",
        "entityType": "company",
        "japanConnection": "japan-headquartered",
        "scale": "large",
        "industries": [
          "materials",
          "manufacturing"
        ],
        "sourceUrl": "https://www.mcam.com/",
        "updatedAt": "2026-08-22",
        "checkedAt": "2026-08-22",
        "checkStatus": "unchecked"
      }
    },
    {
      "type": "Feature",
      "geometry": {
        "type": "Point",
        "coordinates": [
          -122.4194,
          37.7749
        ]
      },
      "properties": {
        "id": "mitsubishi-corporation-americas",
        "name": "Mitsubishi Corporation Americas",
        "nameJa": "三菱商事アメリカズ",
        "website": "https://www.mitsubishicorp.com/us/en/",
        "address": "San Francisco, CA (approx.)",
        "city": "San Francisco",
        "county": "San Francisco County",
        "entityType": "company",
        "japanConnection": "japan-headquartered",
        "scale": "large",
        "industries": [
          "trading",
          "investment"
        ],
        "sourceUrl": "https://www.mitsubishicorp.com/us/en/",
        "updatedAt": "2026-08-22",
        "checkedAt": "2026-08-22",
        "checkStatus": "unchecked"
      }
    },
    {
      "type": "Feature",
      "geometry": {
        "type": "Point",
        "coordinates": [
          -122.4194,
          37.7749
        ]
      },
      "properties": {
        "id": "mitsui-and-co-usa",
        "name": "Mitsui and Co USA",
        "nameJa": "三井物産USA",
        "website": "https://www.mitsui.com/us/en/",
        "address": "San Francisco, CA (approx.)",
        "city": "San Francisco",
        "county": "San Francisco County",
        "entityType": "company",
        "japanConnection": "japan-headquartered",
        "scale": "large",
        "industries": [
          "trading",
          "investment"
        ],
        "sourceUrl": "https://www.mitsui.com/us/en/",
        "updatedAt": "2026-08-22",
        "checkedAt": "2026-08-22",
        "checkStatus": "unchecked"
      }
    },
    {
      "type": "Feature",
      "geometry": {
        "type": "Point",
        "coordinates": [
          -122.4194,
          37.7749
        ]
      },
      "properties": {
        "id": "itochu-international",
        "name": "ITOCHU International",
        "nameJa": "伊藤忠インターナショナル",
        "website": "https://www.itochu.com/us/en/",
        "address": "San Francisco, CA (approx.)",
        "city": "San Francisco",
        "county": "San Francisco County",
        "entityType": "company",
        "japanConnection": "japan-headquartered",
        "scale": "large",
        "industries": [
          "trading",
          "investment"
        ],
        "sourceUrl": "https://www.itochu.com/us/en/",
        "updatedAt": "2026-08-22",
        "checkedAt": "2026-08-22",
        "checkStatus": "unchecked"
      }
    },
    {
      "type": "Feature",
      "geometry": {
        "type": "Point",
        "coordinates": [
          -122.4194,
          37.7749
        ]
      },
      "properties": {
        "id": "marubeni-america",
        "name": "Marubeni America",
        "nameJa": "丸紅アメリカ",
        "website": "https://www.marubeniamerica.com/",
        "address": "San Francisco, CA (approx.)",
        "city": "San Francisco",
        "county": "San Francisco County",
        "entityType": "company",
        "japanConnection": "japan-headquartered",
        "scale": "large",
        "industries": [
          "trading",
          "investment"
        ],
        "sourceUrl": "https://www.marubeniamerica.com/",
        "updatedAt": "2026-08-22",
        "checkedAt": "2026-08-22",
        "checkStatus": "unchecked"
      }
    },
    {
      "type": "Feature",
      "geometry": {
        "type": "Point",
        "coordinates": [
          -122.4194,
          37.7749
        ]
      },
      "properties": {
        "id": "sumitomo-corporation-of-americas",
        "name": "Sumitomo Corporation of Americas",
        "nameJa": "住友商事アメリカズ",
        "website": "https://www.sumitomocorp.com/en/us",
        "address": "San Francisco, CA (approx.)",
        "city": "San Francisco",
        "county": "San Francisco County",
        "entityType": "company",
        "japanConnection": "japan-headquartered",
        "scale": "large",
        "industries": [
          "trading",
          "investment"
        ],
        "sourceUrl": "https://www.sumitomocorp.com/en/us",
        "updatedAt": "2026-08-22",
        "checkedAt": "2026-08-22",
        "checkStatus": "unchecked"
      }
    },
    {
      "type": "Feature",
      "geometry": {
        "type": "Point",
        "coordinates": [
          -122.4194,
          37.7749
        ]
      },
      "properties": {
        "id": "sojitz-corporation-of-america",
        "name": "Sojitz Corporation of America",
        "nameJa": "双日アメリカ",
        "website": "https://www.sojitz.com/en/",
        "address": "San Francisco, CA (approx.)",
        "city": "San Francisco",
        "county": "San Francisco County",
        "entityType": "company",
        "japanConnection": "japan-headquartered",
        "scale": "large",
        "industries": [
          "trading",
          "investment"
        ],
        "sourceUrl": "https://www.sojitz.com/en/",
        "updatedAt": "2026-08-22",
        "checkedAt": "2026-08-22",
        "checkStatus": "unchecked"
      }
    },
    {
      "type": "Feature",
      "geometry": {
        "type": "Point",
        "coordinates": [
          -121.9547,
          37.3541
        ]
      },
      "properties": {
        "id": "toyota-tsusho-america",
        "name": "Toyota Tsusho America",
        "nameJa": "豊田通商アメリカ",
        "website": "https://www.taiamerica.com/",
        "address": "Santa Clara, CA (approx.)",
        "city": "Santa Clara",
        "county": "Santa Clara County",
        "entityType": "company",
        "japanConnection": "japan-headquartered",
        "scale": "large",
        "industries": [
          "trading",
          "automotive"
        ],
        "sourceUrl": "https://www.taiamerica.com/",
        "updatedAt": "2026-08-22",
        "checkedAt": "2026-08-22",
        "checkStatus": "unchecked"
      }
    },
    {
      "type": "Feature",
      "geometry": {
        "type": "Point",
        "coordinates": [
          -121.8863,
          37.3382
        ]
      },
      "properties": {
        "id": "kanematsu-usa",
        "name": "Kanematsu USA",
        "nameJa": "カネマツUSA",
        "website": "https://www.kanematsuusa.com/",
        "address": "San Jose, CA (approx.)",
        "city": "San Jose",
        "county": "Santa Clara County",
        "entityType": "company",
        "japanConnection": "japan-headquartered",
        "scale": "large",
        "industries": [
          "trading",
          "technology"
        ],
        "sourceUrl": "https://www.kanematsuusa.com/",
        "updatedAt": "2026-08-22",
        "checkedAt": "2026-08-22",
        "checkStatus": "unchecked"
      }
    },
    {
      "type": "Feature",
      "geometry": {
        "type": "Point",
        "coordinates": [
          -121.8863,
          37.3382
        ]
      },
      "properties": {
        "id": "nagase-america",
        "name": "Nagase America",
        "nameJa": "ナガセアメリカ",
        "website": "https://www.nagaseamerica.com/",
        "address": "San Jose, CA (approx.)",
        "city": "San Jose",
        "county": "Santa Clara County",
        "entityType": "company",
        "japanConnection": "japan-headquartered",
        "scale": "large",
        "industries": [
          "materials",
          "trading"
        ],
        "sourceUrl": "https://www.nagaseamerica.com/",
        "updatedAt": "2026-08-22",
        "checkedAt": "2026-08-22",
        "checkStatus": "unchecked"
      }
    },
    {
      "type": "Feature",
      "geometry": {
        "type": "Point",
        "coordinates": [
          -122.4194,
          37.7749
        ]
      },
      "properties": {
        "id": "mufg-bank-san-francisco",
        "name": "MUFG Bank San Francisco",
        "nameJa": "三菱UFJ銀行サンフランシスコ",
        "website": "https://www.bk.mufg.jp/global/",
        "address": "San Francisco, CA (approx.)",
        "city": "San Francisco",
        "county": "San Francisco County",
        "entityType": "company",
        "japanConnection": "japan-headquartered",
        "scale": "large",
        "industries": [
          "finance",
          "banking"
        ],
        "sourceUrl": "https://www.bk.mufg.jp/global/",
        "updatedAt": "2026-08-22",
        "checkedAt": "2026-08-22",
        "checkStatus": "unchecked"
      }
    },
    {
      "type": "Feature",
      "geometry": {
        "type": "Point",
        "coordinates": [
          -122.4194,
          37.7749
        ]
      },
      "properties": {
        "id": "smbc-americas-san-francisco",
        "name": "SMBC Americas San Francisco",
        "nameJa": "SMBCアメリカズ サンフランシスコ",
        "website": "https://www.smbcgroup.com/",
        "address": "San Francisco, CA (approx.)",
        "city": "San Francisco",
        "county": "San Francisco County",
        "entityType": "company",
        "japanConnection": "japan-headquartered",
        "scale": "large",
        "industries": [
          "finance",
          "banking"
        ],
        "sourceUrl": "https://www.smbcgroup.com/",
        "updatedAt": "2026-08-22",
        "checkedAt": "2026-08-22",
        "checkStatus": "unchecked"
      }
    },
    {
      "type": "Feature",
      "geometry": {
        "type": "Point",
        "coordinates": [
          -122.4194,
          37.7749
        ]
      },
      "properties": {
        "id": "mizuho-americas-san-francisco",
        "name": "Mizuho Americas San Francisco",
        "nameJa": "みずほアメリカズ サンフランシスコ",
        "website": "https://www.mizuhogroup.com/americas",
        "address": "San Francisco, CA (approx.)",
        "city": "San Francisco",
        "county": "San Francisco County",
        "entityType": "company",
        "japanConnection": "japan-headquartered",
        "scale": "large",
        "industries": [
          "finance",
          "banking"
        ],
        "sourceUrl": "https://www.mizuhogroup.com/americas",
        "updatedAt": "2026-08-22",
        "checkedAt": "2026-08-22",
        "checkStatus": "unchecked"
      }
    },
    {
      "type": "Feature",
      "geometry": {
        "type": "Point",
        "coordinates": [
          -122.4194,
          37.7749
        ]
      },
      "properties": {
        "id": "nomura-securities-international-san-francisco",
        "name": "Nomura Securities International San Francisco",
        "nameJa": "野村證券インターナショナル サンフランシスコ",
        "website": "https://www.nomura.com/",
        "address": "San Francisco, CA (approx.)",
        "city": "San Francisco",
        "county": "San Francisco County",
        "entityType": "company",
        "japanConnection": "japan-headquartered",
        "scale": "large",
        "industries": [
          "finance",
          "securities"
        ],
        "sourceUrl": "https://www.nomura.com/",
        "updatedAt": "2026-08-22",
        "checkedAt": "2026-08-22",
        "checkStatus": "unchecked"
      }
    },
    {
      "type": "Feature",
      "geometry": {
        "type": "Point",
        "coordinates": [
          -122.4194,
          37.7749
        ]
      },
      "properties": {
        "id": "daiwa-capital-markets-america-san-francisco",
        "name": "Daiwa Capital Markets America San Francisco",
        "nameJa": "大和キャピタルマーケッツ アメリカ サンフランシスコ",
        "website": "https://www.daiwacm.com/",
        "address": "San Francisco, CA (approx.)",
        "city": "San Francisco",
        "county": "San Francisco County",
        "entityType": "company",
        "japanConnection": "japan-headquartered",
        "scale": "large",
        "industries": [
          "finance",
          "securities"
        ],
        "sourceUrl": "https://www.daiwacm.com/",
        "updatedAt": "2026-08-22",
        "checkedAt": "2026-08-22",
        "checkStatus": "unchecked"
      }
    },
    {
      "type": "Feature",
      "geometry": {
        "type": "Point",
        "coordinates": [
          -122.4194,
          37.7749
        ]
      },
      "properties": {
        "id": "orix-usa-san-francisco",
        "name": "ORIX USA San Francisco",
        "nameJa": "オリックスUSA サンフランシスコ",
        "website": "https://www.orix.com/",
        "address": "San Francisco, CA (approx.)",
        "city": "San Francisco",
        "county": "San Francisco County",
        "entityType": "company",
        "japanConnection": "japan-headquartered",
        "scale": "large",
        "industries": [
          "finance",
          "investment"
        ],
        "sourceUrl": "https://www.orix.com/",
        "updatedAt": "2026-08-22",
        "checkedAt": "2026-08-22",
        "checkStatus": "unchecked"
      }
    },
    {
      "type": "Feature",
      "geometry": {
        "type": "Point",
        "coordinates": [
          -122.4194,
          37.7749
        ]
      },
      "properties": {
        "id": "tokio-marine-america-san-francisco",
        "name": "Tokio Marine America San Francisco",
        "nameJa": "東京海上アメリカ サンフランシスコ",
        "website": "https://www.tokiomarine.us/",
        "address": "San Francisco, CA (approx.)",
        "city": "San Francisco",
        "county": "San Francisco County",
        "entityType": "company",
        "japanConnection": "japan-headquartered",
        "scale": "large",
        "industries": [
          "insurance",
          "finance"
        ],
        "sourceUrl": "https://www.tokiomarine.us/",
        "updatedAt": "2026-08-22",
        "checkedAt": "2026-08-22",
        "checkStatus": "unchecked"
      }
    },
    {
      "type": "Feature",
      "geometry": {
        "type": "Point",
        "coordinates": [
          -122.4194,
          37.7749
        ]
      },
      "properties": {
        "id": "sompo-international-san-francisco",
        "name": "Sompo International San Francisco",
        "nameJa": "SOMPOインターナショナル サンフランシスコ",
        "website": "https://www.sompo-intl.com/",
        "address": "San Francisco, CA (approx.)",
        "city": "San Francisco",
        "county": "San Francisco County",
        "entityType": "company",
        "japanConnection": "japan-headquartered",
        "scale": "large",
        "industries": [
          "insurance",
          "finance"
        ],
        "sourceUrl": "https://www.sompo-intl.com/",
        "updatedAt": "2026-08-22",
        "checkedAt": "2026-08-22",
        "checkStatus": "unchecked"
      }
    },
    {
      "type": "Feature",
      "geometry": {
        "type": "Point",
        "coordinates": [
          -122.4194,
          37.7749
        ]
      },
      "properties": {
        "id": "msig-usa-san-francisco",
        "name": "MSIG USA San Francisco",
        "nameJa": "MSIG USA サンフランシスコ",
        "website": "https://www.msigusa.com/",
        "address": "San Francisco, CA (approx.)",
        "city": "San Francisco",
        "county": "San Francisco County",
        "entityType": "company",
        "japanConnection": "japan-headquartered",
        "scale": "large",
        "industries": [
          "insurance",
          "finance"
        ],
        "sourceUrl": "https://www.msigusa.com/",
        "updatedAt": "2026-08-22",
        "checkedAt": "2026-08-22",
        "checkStatus": "unchecked"
      }
    },
    {
      "type": "Feature",
      "geometry": {
        "type": "Point",
        "coordinates": [
          -122.143,
          37.4419
        ]
      },
      "properties": {
        "id": "aflac-ventures",
        "name": "Aflac Ventures",
        "nameJa": "アフラックベンチャーズ",
        "website": "https://www.aflacventures.com/",
        "address": "Palo Alto, CA (approx.)",
        "city": "Palo Alto",
        "county": "Santa Clara County",
        "entityType": "company",
        "japanConnection": "japan-headquartered",
        "scale": "large",
        "industries": [
          "venture-capital",
          "insurance"
        ],
        "sourceUrl": "https://www.aflacventures.com/",
        "updatedAt": "2026-08-22",
        "checkedAt": "2026-08-22",
        "checkStatus": "unchecked"
      }
    },
    {
      "type": "Feature",
      "geometry": {
        "type": "Point",
        "coordinates": [
          -122.143,
          37.4419
        ]
      },
      "properties": {
        "id": "dai-ichi-life-innovation-lab-silicon-valley",
        "name": "Dai-ichi Life Innovation Lab Silicon Valley",
        "nameJa": "第一生命イノベーションラボ シリコンバレー",
        "website": "https://www.dai-ichi-life-hd.com/en/",
        "address": "Palo Alto, CA (approx.)",
        "city": "Palo Alto",
        "county": "Santa Clara County",
        "entityType": "company",
        "japanConnection": "japan-headquartered",
        "scale": "large",
        "industries": [
          "insurance",
          "innovation"
        ],
        "sourceUrl": "https://www.dai-ichi-life-hd.com/en/",
        "updatedAt": "2026-08-22",
        "checkedAt": "2026-08-22",
        "checkStatus": "unchecked"
      }
    },
    {
      "type": "Feature",
      "geometry": {
        "type": "Point",
        "coordinates": [
          -121.8863,
          37.3382
        ]
      },
      "properties": {
        "id": "ntt-data-silicon-valley",
        "name": "NTT DATA Silicon Valley",
        "nameJa": "NTTデータ シリコンバレー",
        "website": "https://us.nttdata.com/",
        "address": "San Jose, CA (approx.)",
        "city": "San Jose",
        "county": "Santa Clara County",
        "entityType": "company",
        "japanConnection": "japan-headquartered",
        "scale": "large",
        "industries": [
          "software",
          "consulting"
        ],
        "sourceUrl": "https://us.nttdata.com/",
        "updatedAt": "2026-08-22",
        "checkedAt": "2026-08-22",
        "checkStatus": "unchecked"
      }
    },
    {
      "type": "Feature",
      "geometry": {
        "type": "Point",
        "coordinates": [
          -122.4194,
          37.7749
        ]
      },
      "properties": {
        "id": "ntt-communications-san-francisco",
        "name": "NTT Communications San Francisco",
        "nameJa": "NTTコミュニケーションズ サンフランシスコ",
        "website": "https://www.ntt.com/en/",
        "address": "San Francisco, CA (approx.)",
        "city": "San Francisco",
        "county": "San Francisco County",
        "entityType": "company",
        "japanConnection": "japan-headquartered",
        "scale": "large",
        "industries": [
          "telecommunications",
          "cloud"
        ],
        "sourceUrl": "https://www.ntt.com/en/",
        "updatedAt": "2026-08-22",
        "checkedAt": "2026-08-22",
        "checkStatus": "unchecked"
      }
    },
    {
      "type": "Feature",
      "geometry": {
        "type": "Point",
        "coordinates": [
          -121.8863,
          37.3382
        ]
      },
      "properties": {
        "id": "kddi-america-silicon-valley",
        "name": "KDDI America Silicon Valley",
        "nameJa": "KDDIアメリカ シリコンバレー",
        "website": "https://us.kddi.com/",
        "address": "San Jose, CA (approx.)",
        "city": "San Jose",
        "county": "Santa Clara County",
        "entityType": "company",
        "japanConnection": "japan-headquartered",
        "scale": "large",
        "industries": [
          "telecommunications",
          "cloud"
        ],
        "sourceUrl": "https://us.kddi.com/",
        "updatedAt": "2026-08-22",
        "checkedAt": "2026-08-22",
        "checkStatus": "unchecked"
      }
    },
    {
      "type": "Feature",
      "geometry": {
        "type": "Point",
        "coordinates": [
          -122.2608,
          37.5072
        ]
      },
      "properties": {
        "id": "softbank-group-international",
        "name": "SoftBank Group International",
        "nameJa": "ソフトバンクグループインターナショナル",
        "website": "https://group.softbank/en",
        "address": "San Carlos, CA (approx.)",
        "city": "San Carlos",
        "county": "San Mateo County",
        "entityType": "company",
        "japanConnection": "japan-headquartered",
        "scale": "large",
        "industries": [
          "investment",
          "technology"
        ],
        "sourceUrl": "https://group.softbank/en",
        "updatedAt": "2026-08-22",
        "checkedAt": "2026-08-22",
        "checkStatus": "unchecked"
      }
    },
    {
      "type": "Feature",
      "geometry": {
        "type": "Point",
        "coordinates": [
          -122.143,
          37.4419
        ]
      },
      "properties": {
        "id": "mercari-us",
        "name": "Mercari US",
        "nameJa": "メルカリUS",
        "website": "https://www.mercari.com/",
        "address": "Palo Alto, CA (approx.)",
        "city": "Palo Alto",
        "county": "Santa Clara County",
        "entityType": "company",
        "japanConnection": "japan-headquartered",
        "scale": "large",
        "industries": [
          "ecommerce",
          "software"
        ],
        "sourceUrl": "https://www.mercari.com/",
        "updatedAt": "2026-08-22",
        "checkedAt": "2026-08-22",
        "checkStatus": "unchecked"
      }
    },
    {
      "type": "Feature",
      "geometry": {
        "type": "Point",
        "coordinates": [
          -122.4194,
          37.7749
        ]
      },
      "properties": {
        "id": "smartnews-us",
        "name": "SmartNews US",
        "nameJa": "スマートニュースUS",
        "website": "https://www.smartnews.com/",
        "address": "San Francisco, CA (approx.)",
        "city": "San Francisco",
        "county": "San Francisco County",
        "entityType": "company",
        "japanConnection": "japan-headquartered",
        "scale": "large",
        "industries": [
          "media",
          "software"
        ],
        "sourceUrl": "https://www.smartnews.com/",
        "updatedAt": "2026-08-22",
        "checkedAt": "2026-08-22",
        "checkStatus": "unchecked"
      }
    },
    {
      "type": "Feature",
      "geometry": {
        "type": "Point",
        "coordinates": [
          -122.0839,
          37.3861
        ]
      },
      "properties": {
        "id": "treasure-data",
        "name": "Treasure Data",
        "nameJa": "トレジャーデータ",
        "website": "https://www.treasuredata.com/",
        "address": "Mountain View, CA (approx.)",
        "city": "Mountain View",
        "county": "Santa Clara County",
        "entityType": "company",
        "japanConnection": "japan-headquartered",
        "scale": "large",
        "industries": [
          "data",
          "software"
        ],
        "sourceUrl": "https://www.treasuredata.com/",
        "updatedAt": "2026-08-22",
        "checkedAt": "2026-08-22",
        "checkStatus": "unchecked"
      }
    },
    {
      "type": "Feature",
      "geometry": {
        "type": "Point",
        "coordinates": [
          -122.3255,
          37.563
        ]
      },
      "properties": {
        "id": "mode-inc",
        "name": "MODE Inc",
        "nameJa": "MODE",
        "website": "https://www.tinkermode.com/",
        "address": "San Mateo, CA (approx.)",
        "city": "San Mateo",
        "county": "San Mateo County",
        "entityType": "company",
        "japanConnection": "japan-headquartered",
        "scale": "large",
        "industries": [
          "iot",
          "software"
        ],
        "sourceUrl": "https://www.tinkermode.com/",
        "updatedAt": "2026-08-22",
        "checkedAt": "2026-08-22",
        "checkStatus": "unchecked"
      }
    },
    {
      "type": "Feature",
      "geometry": {
        "type": "Point",
        "coordinates": [
          -122.3255,
          37.563
        ]
      },
      "properties": {
        "id": "dotdata",
        "name": "dotData",
        "nameJa": "ドットデータ",
        "website": "https://dotdata.com/",
        "address": "San Mateo, CA (approx.)",
        "city": "San Mateo",
        "county": "San Mateo County",
        "entityType": "company",
        "japanConnection": "japan-headquartered",
        "scale": "large",
        "industries": [
          "ai",
          "data"
        ],
        "sourceUrl": "https://dotdata.com/",
        "updatedAt": "2026-08-22",
        "checkedAt": "2026-08-22",
        "checkStatus": "unchecked"
      }
    },
    {
      "type": "Feature",
      "geometry": {
        "type": "Point",
        "coordinates": [
          -122.4194,
          37.7749
        ]
      },
      "properties": {
        "id": "legalon-technologies-us",
        "name": "LegalOn Technologies US",
        "nameJa": "リーガルオンテクノロジーズUS",
        "website": "https://www.legalontech.com/",
        "address": "San Francisco, CA (approx.)",
        "city": "San Francisco",
        "county": "San Francisco County",
        "entityType": "company",
        "japanConnection": "japan-headquartered",
        "scale": "large",
        "industries": [
          "legaltech",
          "ai"
        ],
        "sourceUrl": "https://www.legalontech.com/",
        "updatedAt": "2026-08-22",
        "checkedAt": "2026-08-22",
        "checkStatus": "unchecked"
      }
    },
    {
      "type": "Feature",
      "geometry": {
        "type": "Point",
        "coordinates": [
          -122.143,
          37.4419
        ]
      },
      "properties": {
        "id": "woven-by-toyota",
        "name": "Woven by Toyota",
        "nameJa": "ウォーブン・バイ・トヨタ",
        "website": "https://woven.toyota/en/",
        "address": "Palo Alto, CA (approx.)",
        "city": "Palo Alto",
        "county": "Santa Clara County",
        "entityType": "company",
        "japanConnection": "japan-headquartered",
        "scale": "large",
        "industries": [
          "automotive",
          "software"
        ],
        "sourceUrl": "https://woven.toyota/en/",
        "updatedAt": "2026-08-22",
        "checkedAt": "2026-08-22",
        "checkStatus": "unchecked"
      }
    },
    {
      "type": "Feature",
      "geometry": {
        "type": "Point",
        "coordinates": [
          -122.1156,
          37.3852
        ]
      },
      "properties": {
        "id": "toyota-ventures",
        "name": "Toyota Ventures",
        "nameJa": "トヨタベンチャーズ",
        "website": "https://toyota.ventures/",
        "address": "Los Altos, CA (approx.)",
        "city": "Los Altos",
        "county": "Santa Clara County",
        "entityType": "vc-cvc",
        "japanConnection": "japan-headquartered",
        "scale": "not-applicable",
        "industries": [
          "venture-capital",
          "mobility"
        ],
        "sourceUrl": "https://toyota.ventures/",
        "updatedAt": "2026-08-22",
        "checkedAt": "2026-08-22",
        "checkStatus": "unchecked"
      }
    },
    {
      "type": "Feature",
      "geometry": {
        "type": "Point",
        "coordinates": [
          -122.0839,
          37.3861
        ]
      },
      "properties": {
        "id": "honda-innovations-silicon-valley",
        "name": "Honda Innovations Silicon Valley",
        "nameJa": "ホンダイノベーションズ シリコンバレー",
        "website": "https://www.honda.com/innovation",
        "address": "Mountain View, CA (approx.)",
        "city": "Mountain View",
        "county": "Santa Clara County",
        "entityType": "company",
        "japanConnection": "japan-headquartered",
        "scale": "large",
        "industries": [
          "automotive",
          "innovation"
        ],
        "sourceUrl": "https://www.honda.com/innovation",
        "updatedAt": "2026-08-22",
        "checkedAt": "2026-08-22",
        "checkStatus": "unchecked"
      }
    },
    {
      "type": "Feature",
      "geometry": {
        "type": "Point",
        "coordinates": [
          -121.8863,
          37.3382
        ]
      },
      "properties": {
        "id": "sony-ai-america",
        "name": "Sony AI America",
        "nameJa": "ソニーAIアメリカ",
        "website": "https://ai.sony/",
        "address": "San Jose, CA (approx.)",
        "city": "San Jose",
        "county": "Santa Clara County",
        "entityType": "company",
        "japanConnection": "japan-headquartered",
        "scale": "large",
        "industries": [
          "ai",
          "research"
        ],
        "sourceUrl": "https://ai.sony/",
        "updatedAt": "2026-08-22",
        "checkedAt": "2026-08-22",
        "checkStatus": "unchecked"
      }
    },
    {
      "type": "Feature",
      "geometry": {
        "type": "Point",
        "coordinates": [
          -122.3255,
          37.563
        ]
      },
      "properties": {
        "id": "rakuten-symphony-americas",
        "name": "Rakuten Symphony Americas",
        "nameJa": "楽天シンフォニーアメリカズ",
        "website": "https://symphony.rakuten.com/",
        "address": "San Mateo, CA (approx.)",
        "city": "San Mateo",
        "county": "San Mateo County",
        "entityType": "company",
        "japanConnection": "japan-headquartered",
        "scale": "large",
        "industries": [
          "telecommunications",
          "cloud"
        ],
        "sourceUrl": "https://symphony.rakuten.com/",
        "updatedAt": "2026-08-22",
        "checkedAt": "2026-08-22",
        "checkStatus": "unchecked"
      }
    },
    {
      "type": "Feature",
      "geometry": {
        "type": "Point",
        "coordinates": [
          -122.4194,
          37.7749
        ]
      },
      "properties": {
        "id": "nri-america-san-francisco",
        "name": "NRI America San Francisco",
        "nameJa": "野村総合研究所アメリカ サンフランシスコ",
        "website": "https://www.nri.com/en/",
        "address": "San Francisco, CA (approx.)",
        "city": "San Francisco",
        "county": "San Francisco County",
        "entityType": "company",
        "japanConnection": "japan-headquartered",
        "scale": "large",
        "industries": [
          "consulting",
          "technology"
        ],
        "sourceUrl": "https://www.nri.com/en/",
        "updatedAt": "2026-08-22",
        "checkedAt": "2026-08-22",
        "checkStatus": "unchecked"
      }
    },
    {
      "type": "Feature",
      "geometry": {
        "type": "Point",
        "coordinates": [
          -122.4194,
          37.7749
        ]
      },
      "properties": {
        "id": "cybozu-us",
        "name": "Cybozu US",
        "nameJa": "サイボウズUS",
        "website": "https://www.cybozu.com/us/",
        "address": "San Francisco, CA (approx.)",
        "city": "San Francisco",
        "county": "San Francisco County",
        "entityType": "company",
        "japanConnection": "japan-headquartered",
        "scale": "growth",
        "industries": [
          "software",
          "collaboration"
        ],
        "sourceUrl": "https://www.cybozu.com/us/",
        "updatedAt": "2026-08-22",
        "checkedAt": "2026-08-22",
        "checkStatus": "unchecked"
      }
    },
    {
      "type": "Feature",
      "geometry": {
        "type": "Point",
        "coordinates": [
          -122.4194,
          37.7749
        ]
      },
      "properties": {
        "id": "autify",
        "name": "Autify",
        "nameJa": "オーティファイ",
        "website": "https://autify.com/",
        "address": "San Francisco, CA (approx.)",
        "city": "San Francisco",
        "county": "San Francisco County",
        "entityType": "company",
        "japanConnection": "japan-headquartered",
        "scale": "growth",
        "industries": [
          "software",
          "ai"
        ],
        "sourceUrl": "https://autify.com/",
        "updatedAt": "2026-08-22",
        "checkedAt": "2026-08-22",
        "checkStatus": "unchecked"
      }
    },
    {
      "type": "Feature",
      "geometry": {
        "type": "Point",
        "coordinates": [
          -122.2608,
          37.5072
        ]
      },
      "properties": {
        "id": "whill-us",
        "name": "WHILL US",
        "nameJa": "WHILL US",
        "website": "https://whill.inc/us/",
        "address": "San Carlos, CA (approx.)",
        "city": "San Carlos",
        "county": "San Mateo County",
        "entityType": "company",
        "japanConnection": "japan-headquartered",
        "scale": "growth",
        "industries": [
          "mobility",
          "medical-devices"
        ],
        "sourceUrl": "https://whill.inc/us/",
        "updatedAt": "2026-08-22",
        "checkedAt": "2026-08-22",
        "checkStatus": "unchecked"
      }
    },
    {
      "type": "Feature",
      "geometry": {
        "type": "Point",
        "coordinates": [
          -122.4194,
          37.7749
        ]
      },
      "properties": {
        "id": "soracom-us",
        "name": "SORACOM US",
        "nameJa": "ソラコムUS",
        "website": "https://www.soracom.io/",
        "address": "San Francisco, CA (approx.)",
        "city": "San Francisco",
        "county": "San Francisco County",
        "entityType": "company",
        "japanConnection": "japan-headquartered",
        "scale": "growth",
        "industries": [
          "iot",
          "telecommunications"
        ],
        "sourceUrl": "https://www.soracom.io/",
        "updatedAt": "2026-08-22",
        "checkedAt": "2026-08-22",
        "checkStatus": "unchecked"
      }
    },
    {
      "type": "Feature",
      "geometry": {
        "type": "Point",
        "coordinates": [
          -121.8863,
          37.3382
        ]
      },
      "properties": {
        "id": "keyence-america-bay-area",
        "name": "KEYENCE America Bay Area",
        "nameJa": "キーエンスアメリカ ベイエリア",
        "website": "https://www.keyence.com/",
        "address": "San Jose, CA (approx.)",
        "city": "San Jose",
        "county": "Santa Clara County",
        "entityType": "company",
        "japanConnection": "japan-headquartered",
        "scale": "large",
        "industries": [
          "automation",
          "manufacturing"
        ],
        "sourceUrl": "https://www.keyence.com/",
        "updatedAt": "2026-08-22",
        "checkedAt": "2026-08-22",
        "checkStatus": "unchecked"
      }
    },
    {
      "type": "Feature",
      "geometry": {
        "type": "Point",
        "coordinates": [
          -121.8863,
          37.3382
        ]
      },
      "properties": {
        "id": "smc-corporation-of-america-bay-area",
        "name": "SMC Corporation of America Bay Area",
        "nameJa": "SMCコーポレーションオブアメリカ ベイエリア",
        "website": "https://www.smcusa.com/",
        "address": "San Jose, CA (approx.)",
        "city": "San Jose",
        "county": "Santa Clara County",
        "entityType": "company",
        "japanConnection": "japan-headquartered",
        "scale": "large",
        "industries": [
          "automation",
          "manufacturing"
        ],
        "sourceUrl": "https://www.smcusa.com/",
        "updatedAt": "2026-08-22",
        "checkedAt": "2026-08-22",
        "checkStatus": "unchecked"
      }
    },
    {
      "type": "Feature",
      "geometry": {
        "type": "Point",
        "coordinates": [
          -121.8863,
          37.3382
        ]
      },
      "properties": {
        "id": "thk-america-bay-area",
        "name": "THK America Bay Area",
        "nameJa": "THKアメリカ ベイエリア",
        "website": "https://www.thk.com/",
        "address": "San Jose, CA (approx.)",
        "city": "San Jose",
        "county": "Santa Clara County",
        "entityType": "company",
        "japanConnection": "japan-headquartered",
        "scale": "large",
        "industries": [
          "industrial",
          "manufacturing"
        ],
        "sourceUrl": "https://www.thk.com/",
        "updatedAt": "2026-08-22",
        "checkedAt": "2026-08-22",
        "checkStatus": "unchecked"
      }
    },
    {
      "type": "Feature",
      "geometry": {
        "type": "Point",
        "coordinates": [
          -121.8747,
          37.6624
        ]
      },
      "properties": {
        "id": "shimadzu-scientific-instruments-bay-area",
        "name": "Shimadzu Scientific Instruments Bay Area",
        "nameJa": "島津サイエンティフィックインスツルメンツ ベイエリア",
        "website": "https://www.ssi.shimadzu.com/",
        "address": "Pleasanton, CA (approx.)",
        "city": "Pleasanton",
        "county": "Alameda County",
        "entityType": "company",
        "japanConnection": "japan-headquartered",
        "scale": "large",
        "industries": [
          "scientific-instruments",
          "manufacturing"
        ],
        "sourceUrl": "https://www.ssi.shimadzu.com/",
        "updatedAt": "2026-08-22",
        "checkedAt": "2026-08-22",
        "checkStatus": "unchecked"
      }
    },
    {
      "type": "Feature",
      "geometry": {
        "type": "Point",
        "coordinates": [
          -121.8747,
          37.6624
        ]
      },
      "properties": {
        "id": "jeol-usa-bay-area",
        "name": "JEOL USA Bay Area",
        "nameJa": "JEOL USA ベイエリア",
        "website": "https://www.jeolusa.com/",
        "address": "Pleasanton, CA (approx.)",
        "city": "Pleasanton",
        "county": "Alameda County",
        "entityType": "company",
        "japanConnection": "japan-headquartered",
        "scale": "large",
        "industries": [
          "scientific-instruments",
          "manufacturing"
        ],
        "sourceUrl": "https://www.jeolusa.com/",
        "updatedAt": "2026-08-22",
        "checkedAt": "2026-08-22",
        "checkStatus": "unchecked"
      }
    },
    {
      "type": "Feature",
      "geometry": {
        "type": "Point",
        "coordinates": [
          -121.9547,
          37.3541
        ]
      },
      "properties": {
        "id": "horiba-instruments-bay-area",
        "name": "HORIBA Instruments Bay Area",
        "nameJa": "ホリバインスツルメンツ ベイエリア",
        "website": "https://www.horiba.com/usa/",
        "address": "Santa Clara, CA (approx.)",
        "city": "Santa Clara",
        "county": "Santa Clara County",
        "entityType": "company",
        "japanConnection": "japan-headquartered",
        "scale": "large",
        "industries": [
          "scientific-instruments",
          "manufacturing"
        ],
        "sourceUrl": "https://www.horiba.com/usa/",
        "updatedAt": "2026-08-22",
        "checkedAt": "2026-08-22",
        "checkStatus": "unchecked"
      }
    },
    {
      "type": "Feature",
      "geometry": {
        "type": "Point",
        "coordinates": [
          -121.8863,
          37.3382
        ]
      },
      "properties": {
        "id": "yokogawa-corporation-of-america-bay-area",
        "name": "Yokogawa Corporation of America Bay Area",
        "nameJa": "横河コーポレーションオブアメリカ ベイエリア",
        "website": "https://www.yokogawa.com/us/",
        "address": "San Jose, CA (approx.)",
        "city": "San Jose",
        "county": "Santa Clara County",
        "entityType": "company",
        "japanConnection": "japan-headquartered",
        "scale": "large",
        "industries": [
          "automation",
          "manufacturing"
        ],
        "sourceUrl": "https://www.yokogawa.com/us/",
        "updatedAt": "2026-08-22",
        "checkedAt": "2026-08-22",
        "checkStatus": "unchecked"
      }
    },
    {
      "type": "Feature",
      "geometry": {
        "type": "Point",
        "coordinates": [
          -121.9547,
          37.3541
        ]
      },
      "properties": {
        "id": "azbil-north-america",
        "name": "Azbil North America",
        "nameJa": "アズビルノースアメリカ",
        "website": "https://www.azbil.com/",
        "address": "Santa Clara, CA (approx.)",
        "city": "Santa Clara",
        "county": "Santa Clara County",
        "entityType": "company",
        "japanConnection": "japan-headquartered",
        "scale": "large",
        "industries": [
          "automation",
          "manufacturing"
        ],
        "sourceUrl": "https://www.azbil.com/",
        "updatedAt": "2026-08-22",
        "checkedAt": "2026-08-22",
        "checkStatus": "unchecked"
      }
    },
    {
      "type": "Feature",
      "geometry": {
        "type": "Point",
        "coordinates": [
          -121.6422,
          37.131
        ]
      },
      "properties": {
        "id": "anritsu-company",
        "name": "Anritsu Company",
        "nameJa": "アンリツカンパニー",
        "website": "https://www.anritsu.com/en-us/",
        "address": "Morgan Hill, CA (approx.)",
        "city": "Morgan Hill",
        "county": "Santa Clara County",
        "entityType": "company",
        "japanConnection": "japan-headquartered",
        "scale": "large",
        "industries": [
          "telecommunications",
          "manufacturing"
        ],
        "sourceUrl": "https://www.anritsu.com/en-us/",
        "updatedAt": "2026-08-22",
        "checkedAt": "2026-08-22",
        "checkStatus": "unchecked"
      }
    },
    {
      "type": "Feature",
      "geometry": {
        "type": "Point",
        "coordinates": [
          -121.8863,
          37.3382
        ]
      },
      "properties": {
        "id": "sumitomo-electric-device-innovations-usa",
        "name": "Sumitomo Electric Device Innovations USA",
        "nameJa": "住友電気デバイスイノベーションズUSA",
        "website": "https://www.sedi.co.jp/english/",
        "address": "San Jose, CA (approx.)",
        "city": "San Jose",
        "county": "Santa Clara County",
        "entityType": "company",
        "japanConnection": "japan-headquartered",
        "scale": "large",
        "industries": [
          "semiconductors",
          "manufacturing"
        ],
        "sourceUrl": "https://www.sedi.co.jp/english/",
        "updatedAt": "2026-08-22",
        "checkedAt": "2026-08-22",
        "checkStatus": "unchecked"
      }
    },
    {
      "type": "Feature",
      "geometry": {
        "type": "Point",
        "coordinates": [
          -121.8863,
          37.3382
        ]
      },
      "properties": {
        "id": "mitsubishi-materials-usa-bay-area",
        "name": "Mitsubishi Materials USA Bay Area",
        "nameJa": "三菱マテリアルUSA ベイエリア",
        "website": "https://www.mitsubishimaterials.com/",
        "address": "San Jose, CA (approx.)",
        "city": "San Jose",
        "county": "Santa Clara County",
        "entityType": "company",
        "japanConnection": "japan-headquartered",
        "scale": "large",
        "industries": [
          "materials",
          "manufacturing"
        ],
        "sourceUrl": "https://www.mitsubishimaterials.com/",
        "updatedAt": "2026-08-22",
        "checkedAt": "2026-08-22",
        "checkStatus": "unchecked"
      }
    },
    {
      "type": "Feature",
      "geometry": {
        "type": "Point",
        "coordinates": [
          -121.8863,
          37.3382
        ]
      },
      "properties": {
        "id": "nitto-denko-technical-america-bay-area",
        "name": "Nitto Denko Technical America Bay Area",
        "nameJa": "日東電工テクニカルアメリカ ベイエリア",
        "website": "https://www.nitto.com/us/en/",
        "address": "San Jose, CA (approx.)",
        "city": "San Jose",
        "county": "Santa Clara County",
        "entityType": "company",
        "japanConnection": "japan-headquartered",
        "scale": "large",
        "industries": [
          "materials",
          "manufacturing"
        ],
        "sourceUrl": "https://www.nitto.com/us/en/",
        "updatedAt": "2026-08-22",
        "checkedAt": "2026-08-22",
        "checkStatus": "unchecked"
      }
    },
    {
      "type": "Feature",
      "geometry": {
        "type": "Point",
        "coordinates": [
          -121.8863,
          37.3382
        ]
      },
      "properties": {
        "id": "jx-advanced-metals-america-bay-area",
        "name": "JX Advanced Metals America Bay Area",
        "nameJa": "JXアドバンストメタルズアメリカ ベイエリア",
        "website": "https://www.jx-nmm.com/english/",
        "address": "San Jose, CA (approx.)",
        "city": "San Jose",
        "county": "Santa Clara County",
        "entityType": "company",
        "japanConnection": "japan-headquartered",
        "scale": "large",
        "industries": [
          "materials",
          "manufacturing"
        ],
        "sourceUrl": "https://www.jx-nmm.com/english/",
        "updatedAt": "2026-08-22",
        "checkedAt": "2026-08-22",
        "checkStatus": "unchecked"
      }
    },
    {
      "type": "Feature",
      "geometry": {
        "type": "Point",
        "coordinates": [
          -121.6422,
          37.131
        ]
      },
      "properties": {
        "id": "toray-advanced-composites",
        "name": "Toray Advanced Composites",
        "nameJa": "東レ・アドバンスト・コンポジット",
        "website": "https://www.toraytac.com/",
        "address": "Morgan Hill, CA (approx.)",
        "city": "Morgan Hill",
        "county": "Santa Clara County",
        "entityType": "company",
        "japanConnection": "japan-headquartered",
        "scale": "large",
        "industries": [
          "materials",
          "manufacturing"
        ],
        "sourceUrl": "https://www.toraytac.com/",
        "updatedAt": "2026-08-22",
        "checkedAt": "2026-08-22",
        "checkStatus": "unchecked"
      }
    },
    {
      "type": "Feature",
      "geometry": {
        "type": "Point",
        "coordinates": [
          -121.8863,
          37.3382
        ]
      },
      "properties": {
        "id": "furukawa-electric-north-america-bay-area",
        "name": "Furukawa Electric North America Bay Area",
        "nameJa": "古河電気工業ノースアメリカ ベイエリア",
        "website": "https://www.furukawa.co.jp/en/",
        "address": "San Jose, CA (approx.)",
        "city": "San Jose",
        "county": "Santa Clara County",
        "entityType": "company",
        "japanConnection": "japan-headquartered",
        "scale": "large",
        "industries": [
          "electronics",
          "manufacturing"
        ],
        "sourceUrl": "https://www.furukawa.co.jp/en/",
        "updatedAt": "2026-08-22",
        "checkedAt": "2026-08-22",
        "checkStatus": "unchecked"
      }
    },
    {
      "type": "Feature",
      "geometry": {
        "type": "Point",
        "coordinates": [
          -122.5311,
          37.9735
        ]
      },
      "properties": {
        "id": "marin-economic-forum",
        "name": "Marin Economic Forum",
        "nameJa": "Marin Economic Forum",
        "website": "https://marineconomicforum.org/",
        "address": "San Rafael, CA (approx.)",
        "city": "San Rafael",
        "county": "Marin County",
        "entityType": "support",
        "japanConnection": "none",
        "scale": "not-applicable",
        "industries": [
          "economic-development",
          "networking"
        ],
        "sourceUrl": "https://marineconomicforum.org/",
        "updatedAt": "2026-08-22",
        "checkedAt": "2026-08-22",
        "checkStatus": "unchecked"
      }
    },
    {
      "type": "Feature",
      "geometry": {
        "type": "Point",
        "coordinates": [
          -122.4726,
          38.1074
        ]
      },
      "properties": {
        "id": "buck-institute-for-research-on-aging",
        "name": "Buck Institute for Research on Aging",
        "nameJa": "Buck Institute for Research on Aging",
        "website": "https://www.buckinstitute.org/",
        "address": "Novato, CA (approx.)",
        "city": "Novato",
        "county": "Marin County",
        "entityType": "university-research",
        "japanConnection": "none",
        "scale": "not-applicable",
        "industries": [
          "research",
          "life-sciences"
        ],
        "sourceUrl": "https://www.buckinstitute.org/",
        "updatedAt": "2026-08-22",
        "checkedAt": "2026-08-22",
        "checkStatus": "unchecked"
      }
    },
    {
      "type": "Feature",
      "geometry": {
        "type": "Point",
        "coordinates": [
          -122.7094,
          38.3477
        ]
      },
      "properties": {
        "id": "sonoma-state-university",
        "name": "Sonoma State University",
        "nameJa": "Sonoma State University",
        "website": "https://www.sonoma.edu/",
        "address": "Rohnert Park, CA (approx.)",
        "city": "Rohnert Park",
        "county": "Sonoma County",
        "entityType": "university-research",
        "japanConnection": "none",
        "scale": "not-applicable",
        "industries": [
          "education",
          "research"
        ],
        "sourceUrl": "https://www.sonoma.edu/",
        "updatedAt": "2026-08-22",
        "checkedAt": "2026-08-22",
        "checkStatus": "unchecked"
      }
    },
    {
      "type": "Feature",
      "geometry": {
        "type": "Point",
        "coordinates": [
          -122.2869,
          38.2975
        ]
      },
      "properties": {
        "id": "napa-valley-college",
        "name": "Napa Valley College",
        "nameJa": "Napa Valley College",
        "website": "https://www.napavalley.edu/",
        "address": "Napa, CA (approx.)",
        "city": "Napa",
        "county": "Napa County",
        "entityType": "university-research",
        "japanConnection": "none",
        "scale": "not-applicable",
        "industries": [
          "education",
          "community"
        ],
        "sourceUrl": "https://www.napavalley.edu/",
        "updatedAt": "2026-08-22",
        "checkedAt": "2026-08-22",
        "checkStatus": "unchecked"
      }
    },
    {
      "type": "Feature",
      "geometry": {
        "type": "Point",
        "coordinates": [
          -122.0399,
          38.2494
        ]
      },
      "properties": {
        "id": "solano-economic-development-corporation",
        "name": "Solano Economic Development Corporation",
        "nameJa": "Solano Economic Development Corporation",
        "website": "https://solanoedc.org/",
        "address": "Fairfield, CA (approx.)",
        "city": "Fairfield",
        "county": "Solano County",
        "entityType": "support",
        "japanConnection": "none",
        "scale": "not-applicable",
        "industries": [
          "economic-development",
          "networking"
        ],
        "sourceUrl": "https://solanoedc.org/",
        "updatedAt": "2026-08-22",
        "checkedAt": "2026-08-22",
        "checkStatus": "unchecked"
      }
    },
    {
      "type": "Feature",
      "geometry": {
        "type": "Point",
        "coordinates": [
          -122.2712,
          37.8715
        ]
      },
      "properties": {
        "id": "berkeley-skydeck",
        "name": "Berkeley SkyDeck",
        "nameJa": "Berkeley SkyDeck",
        "website": "https://skydeck.berkeley.edu/",
        "address": "Berkeley, CA (approx.)",
        "city": "Berkeley",
        "county": "Alameda County",
        "entityType": "support",
        "japanConnection": "none",
        "scale": "not-applicable",
        "industries": [
          "accelerator",
          "startup-support"
        ],
        "sourceUrl": "https://skydeck.berkeley.edu/",
        "updatedAt": "2026-08-22",
        "checkedAt": "2026-08-22",
        "checkStatus": "unchecked"
      }
    },
    {
      "type": "Feature",
      "geometry": {
        "type": "Point",
        "coordinates": [
          -122.2712,
          37.8715
        ]
      },
      "properties": {
        "id": "university-of-california-berkeley",
        "name": "University of California Berkeley",
        "nameJa": "University of California Berkeley",
        "website": "https://www.berkeley.edu/",
        "address": "Berkeley, CA (approx.)",
        "city": "Berkeley",
        "county": "Alameda County",
        "entityType": "university-research",
        "japanConnection": "none",
        "scale": "not-applicable",
        "industries": [
          "education",
          "research"
        ],
        "sourceUrl": "https://www.berkeley.edu/",
        "updatedAt": "2026-08-22",
        "checkedAt": "2026-08-22",
        "checkStatus": "unchecked"
      }
    },
    {
      "type": "Feature",
      "geometry": {
        "type": "Point",
        "coordinates": [
          -122.4194,
          37.7749
        ]
      },
      "properties": {
        "id": "university-of-california-san-francisco",
        "name": "University of California San Francisco",
        "nameJa": "University of California San Francisco",
        "website": "https://www.ucsf.edu/",
        "address": "San Francisco, CA (approx.)",
        "city": "San Francisco",
        "county": "San Francisco County",
        "entityType": "university-research",
        "japanConnection": "none",
        "scale": "not-applicable",
        "industries": [
          "education",
          "life-sciences"
        ],
        "sourceUrl": "https://www.ucsf.edu/",
        "updatedAt": "2026-08-22",
        "checkedAt": "2026-08-22",
        "checkStatus": "unchecked"
      }
    },
    {
      "type": "Feature",
      "geometry": {
        "type": "Point",
        "coordinates": [
          -122.2712,
          37.8715
        ]
      },
      "properties": {
        "id": "lawrence-berkeley-national-laboratory",
        "name": "Lawrence Berkeley National Laboratory",
        "nameJa": "Lawrence Berkeley National Laboratory",
        "website": "https://www.lbl.gov/",
        "address": "Berkeley, CA (approx.)",
        "city": "Berkeley",
        "county": "Alameda County",
        "entityType": "university-research",
        "japanConnection": "none",
        "scale": "not-applicable",
        "industries": [
          "research",
          "energy"
        ],
        "sourceUrl": "https://www.lbl.gov/",
        "updatedAt": "2026-08-22",
        "checkedAt": "2026-08-22",
        "checkStatus": "unchecked"
      }
    },
    {
      "type": "Feature",
      "geometry": {
        "type": "Point",
        "coordinates": [
          -122.1822,
          37.4538
        ]
      },
      "properties": {
        "id": "slac-national-accelerator-laboratory",
        "name": "SLAC National Accelerator Laboratory",
        "nameJa": "SLAC National Accelerator Laboratory",
        "website": "https://www6.slac.stanford.edu/",
        "address": "Menlo Park, CA (approx.)",
        "city": "Menlo Park",
        "county": "San Mateo County",
        "entityType": "university-research",
        "japanConnection": "none",
        "scale": "not-applicable",
        "industries": [
          "research",
          "science"
        ],
        "sourceUrl": "https://www6.slac.stanford.edu/",
        "updatedAt": "2026-08-22",
        "checkedAt": "2026-08-22",
        "checkStatus": "unchecked"
      }
    },
    {
      "type": "Feature",
      "geometry": {
        "type": "Point",
        "coordinates": [
          -122.4194,
          37.7749
        ]
      },
      "properties": {
        "id": "y-combinator",
        "name": "Y Combinator",
        "nameJa": "Y Combinator",
        "website": "https://www.ycombinator.com/",
        "address": "San Francisco, CA (approx.)",
        "city": "San Francisco",
        "county": "San Francisco County",
        "entityType": "vc-cvc",
        "japanConnection": "none",
        "scale": "not-applicable",
        "industries": [
          "accelerator",
          "venture-capital"
        ],
        "sourceUrl": "https://www.ycombinator.com/",
        "updatedAt": "2026-08-22",
        "checkedAt": "2026-08-22",
        "checkStatus": "unchecked"
      }
    },
    {
      "type": "Feature",
      "geometry": {
        "type": "Point",
        "coordinates": [
          -122.1822,
          37.4538
        ]
      },
      "properties": {
        "id": "andreessen-horowitz",
        "name": "Andreessen Horowitz",
        "nameJa": "Andreessen Horowitz",
        "website": "https://a16z.com/",
        "address": "Menlo Park, CA (approx.)",
        "city": "Menlo Park",
        "county": "San Mateo County",
        "entityType": "vc-cvc",
        "japanConnection": "none",
        "scale": "not-applicable",
        "industries": [
          "venture-capital",
          "technology"
        ],
        "sourceUrl": "https://a16z.com/",
        "updatedAt": "2026-08-22",
        "checkedAt": "2026-08-22",
        "checkStatus": "unchecked"
      }
    },
    {
      "type": "Feature",
      "geometry": {
        "type": "Point",
        "coordinates": [
          -122.1822,
          37.4538
        ]
      },
      "properties": {
        "id": "sequoia-capital",
        "name": "Sequoia Capital",
        "nameJa": "Sequoia Capital",
        "website": "https://www.sequoiacap.com/",
        "address": "Menlo Park, CA (approx.)",
        "city": "Menlo Park",
        "county": "San Mateo County",
        "entityType": "vc-cvc",
        "japanConnection": "none",
        "scale": "not-applicable",
        "industries": [
          "venture-capital",
          "technology"
        ],
        "sourceUrl": "https://www.sequoiacap.com/",
        "updatedAt": "2026-08-22",
        "checkedAt": "2026-08-22",
        "checkStatus": "unchecked"
      }
    },
    {
      "type": "Feature",
      "geometry": {
        "type": "Point",
        "coordinates": [
          -122.1822,
          37.4538
        ]
      },
      "properties": {
        "id": "khosla-ventures",
        "name": "Khosla Ventures",
        "nameJa": "Khosla Ventures",
        "website": "https://www.khoslaventures.com/",
        "address": "Menlo Park, CA (approx.)",
        "city": "Menlo Park",
        "county": "San Mateo County",
        "entityType": "vc-cvc",
        "japanConnection": "none",
        "scale": "not-applicable",
        "industries": [
          "venture-capital",
          "technology"
        ],
        "sourceUrl": "https://www.khoslaventures.com/",
        "updatedAt": "2026-08-22",
        "checkedAt": "2026-08-22",
        "checkStatus": "unchecked"
      }
    },
    {
      "type": "Feature",
      "geometry": {
        "type": "Point",
        "coordinates": [
          -122.1822,
          37.4538
        ]
      },
      "properties": {
        "id": "mayfield",
        "name": "Mayfield",
        "nameJa": "Mayfield",
        "website": "https://www.mayfield.com/",
        "address": "Menlo Park, CA (approx.)",
        "city": "Menlo Park",
        "county": "San Mateo County",
        "entityType": "vc-cvc",
        "japanConnection": "none",
        "scale": "not-applicable",
        "industries": [
          "venture-capital",
          "technology"
        ],
        "sourceUrl": "https://www.mayfield.com/",
        "updatedAt": "2026-08-22",
        "checkedAt": "2026-08-22",
        "checkStatus": "unchecked"
      }
    }
  ]
}
